movie_id,actor_id
1,1
1,2
1,3
2,4
2,5
2,6
3,7
3,8
3,9
4,10
4,11
4,12
5,13
5,14
5,15
6,16
6,17
6,18
7,19
7,20
7,21
8,22
8,23
8,24
9,25
9,26
9,27
10,28
10,29
10,30
11,31
11,32
11,33
12,34
12,35
12,36
13,37
13,38
13,39
14,40
14,41
14,26
15,42
15,43
15,44
16,17
16,45
16,46
17,47
17,48
17,49
18,50
18,51
18,52
19,53
19,54
19,55
20,56
20,57
20,58
21,59
21,60
21,61
22,62
22,63
22,64
23,65
23,51
23,66
24,67
24,68
24,69
25,70
25,71
25,72
26,73
26,74
26,75
27,76
27,77
27,78
28,79
28,80
28,81
29,82
29,83
29,84
30,85
30,86
30,87
31,88
31,89
31,90
33,91
33,92
33,93
34,94
34,95
34,96
35,47
35,97
35,98
36,99
36,100
36,101
37,102
37,103
37,104
38,105
38,106
38,107
39,108
39,109
39,110
40,111
40,112
40,113
41,114
41,32
41,115
42,116
42,117
42,118
43,119
43,120
43,121
44,122
44,123
44,124
45,125
45,126
45,127
46,128
46,129
46,130
48,131
48,132
48,133
49,134
49,135
49,136
50,137
50,138
50,139
51,140
51,141
51,142
51,143
52,144
52,145
52,146
53,147
53,148
53,149
54,106
54,150
54,151
55,152
55,153
55,154
56,155
56,156
56,157
57,63
57,130
57,119
59,158
59,159
59,160
60,161
60,162
60,163
61,164
61,165
61,166
62,167
62,168
62,169
63,170
63,171
63,172
64,173
64,174
64,175
65,176
65,177
65,178
67,16
67,179
67,180
68,181
68,182
68,183
69,184
69,118
69,185
70,186
70,187
70,188
71,189
71,190
71,191
72,192
72,193
72,194
73,195
73,196
73,197
74,198
74,199
74,200
75,201
75,202
75,203
76,204
76,205
76,206
77,207
77,208
77,209
78,210
78,211
78,212
79,77
79,213
79,214
80,215
80,216
80,217
81,218
81,219
81,220
82,221
82,222
82,223
83,224
83,225
83,226
84,227
84,228
84,229
85,230
85,231
85,232
86,233
86,234
86,235
87,236
87,237
87,238
88,239
88,240
88,241
89,242
89,219
89,243
90,244
90,245
90,246
92,247
92,248
92,249
93,250
93,11
93,251
94,126
94,252
94,253
95,254
95,198
95,255
97,256
97,257
97,258
98,259
98,260
98,261
99,262
99,263
99,264
100,16
100,265
100,39
101,266
101,267
101,268
102,269
102,270
102,271
103,272
103,273
103,274
104,275
104,276
104,277
105,278
105,279
105,280
106,281
106,282
106,283
107,284
107,285
107,286
108,287
108,288
108,289
109,27
109,290
109,291
110,292
110,293
110,294
111,17
111,295
111,296
112,297
112,298
112,299
113,279
113,300
113,301
114,302
114,303
114,304
115,305
115,306
115,307
116,74
116,308
116,309
117,310
117,311
117,312
118,313
118,314
118,315
119,218
119,316
119,317
120,318
120,319
120,320
122,250
122,321
122,318
123,322
123,323
123,324
124,325
124,326
124,327
125,315
125,328
125,329
126,330
126,331
126,332
129,333
129,334
129,335
130,336
130,337
130,338
131,126
131,339
131,138
132,340
132,273
132,139
133,341
133,342
133,343
134,344
134,345
134,346
135,347
135,348
135,349
136,350
136,351
137,352
137,353
137,354
138,355
138,356
138,357
139,358
139,359
139,360
140,361
140,362
140,363
140,364
141,4
141,365
141,59
142,366
142,367
142,368
143,33
143,369
143,370
144,371
144,372
144,373
145,374
145,375
145,376
146,377
146,378
146,379
147,380
147,381
147,382
148,383
148,384
148,385
149,386
149,387
149,388
150,1
150,389
150,37
151,300
151,390
151,391
152,392
152,219
152,393
153,18
153,394
153,53
154,395
154,396
154,397
155,328
155,398
155,399
156,186
156,400
156,401
158,270
158,76
158,402
159,186
159,403
159,404
160,405
160,284
160,406
161,407
161,59
161,408
162,409
162,410
162,411
163,51
163,412
163,413
164,407
164,414
164,415
165,416
165,417
165,418
166,419
166,420
166,421
167,422
167,423
167,424
168,425
168,426
168,20
169,330
169,368
169,427
170,428
170,429
170,430
171,431
171,432
171,433
172,434
172,435
172,436
173,65
173,437
173,349
174,176
174,438
174,439
175,440
175,441
175,442
176,443
176,444
176,64
177,445
177,446
177,447
179,448
179,449
179,450
180,451
180,452
180,453
181,454
181,455
181,456
182,457
182,458
182,459
184,388
184,460
184,461
185,173
185,462
185,463
186,383
186,66
186,202
187,464
187,465
187,466
188,219
188,467
188,468
189,469
189,470
189,471
190,66
190,472
190,473
191,77
191,474
191,475
192,476
192,477
193,478
193,479
193,480
194,186
194,481
194,482
195,247
195,483
195,475
196,484
196,368
196,485
197,475
197,486
197,487
198,488
198,11
198,188
199,395
199,489
199,490
200,491
200,492
200,493
201,494
201,179
201,495
202,380
202,121
202,496
203,56
203,494
203,497
204,498
204,499
204,500
205,501
205,403
205,502
206,503
206,504
206,505
207,434
207,506
207,507
208,508
208,509
208,510
209,254
209,511
209,512
210,233
210,513
210,391
211,514
211,515
211,43
212,516
212,517
212,518
213,519
213,520
213,521
214,522
214,523
214,524
215,525
215,526
215,527
216,275
216,528
216,529
217,108
217,452
217,530
218,458
218,531
218,449
219,495
219,23
219,532
220,533
220,534
220,535
220,536
222,448
222,537
222,538
223,539
223,540
223,541
225,31
225,77
225,542
226,232
226,543
226,544
226,545
227,56
227,546
227,547
228,548
228,549
228,550
229,62
229,485
229,551
232,552
232,553
232,554
233,543
233,467
233,555
234,556
234,557
234,78
235,242
235,558
235,313
236,559
236,560
236,252
237,561
237,562
237,563
238,430
238,564
238,565
240,566
240,567
240,108
241,43
241,549
241,418
244,568
244,569
244,570
246,571
246,572
246,573
247,574
247,48
247,575
249,474
249,576
249,577
251,122
251,578
251,579
252,580
252,559
252,7
253,581
253,582
253,51
254,583
254,515
254,584
256,585
256,61
256,47
257,425
257,73
257,586
258,587
258,588
258,589
259,340
259,418
259,70
260,590
260,19
260,591
261,99
261,128
261,5
262,592
262,593
262,594
263,595
263,596
263,597
265,598
265,599
265,600
266,581
266,40
266,486
268,50
268,301
268,493
269,601
269,602
269,603
270,604
270,32
270,605
271,390
271,318
271,606
272,607
272,608
272,609
274,610
274,611
274,22
275,13
275,612
275,613
276,614
276,166
276,615
277,616
277,457
277,548
278,313
278,469
278,51
279,617
279,618
279,619
280,198
280,37
280,474
281,620
281,416
281,621
282,295
282,300
282,622
283,623
283,624
283,625
286,626
286,627
286,628
286,629
287,630
287,631
287,632
288,633
288,57
288,188
289,634
289,119
289,6
290,635
290,636
290,637
292,638
292,60
292,639
293,640
293,474
293,641
294,634
294,212
294,642
295,189
295,497
295,259
296,254
296,643
296,418
297,644
297,645
297,646
299,647
299,648
299,649
300,488
300,403
300,650
302,651
302,652
302,653
303,45
303,59
303,654
304,655
304,656
304,66
305,657
305,247
305,658
306,75
306,659
306,660
307,661
307,662
307,526
308,662
308,526
308,663
310,34
310,220
310,664
311,665
311,666
311,667
312,668
312,630
312,669
313,670
313,671
313,672
314,673
314,674
314,675
315,65
315,45
315,676
316,677
316,678
316,679
317,2
317,680
317,681
318,580
318,639
318,682
319,683
319,684
319,685
320,686
320,687
320,688
324,689
324,654
324,690
325,691
325,692
325,693
326,694
326,85
326,695
327,696
327,697
327,698
329,699
329,700
329,701
330,702
330,703
330,704
331,705
331,706
331,707
332,708
332,105
332,709
333,239
333,240
333,710
334,711
334,712
334,713
335,714
335,71
335,715
336,251
336,716
336,717
337,242
337,380
337,188
338,407
338,654
338,512
339,173
339,270
339,714
340,718
340,508
340,153
341,719
341,720
341,721
342,722
342,723
342,320
343,724
343,725
343,726
344,53
344,727
344,728
345,729
345,730
345,731
347,383
347,231
347,732
348,265
348,733
348,734
349,19
349,705
349,735
350,99
350,394
350,23
351,272
351,458
351,736
352,737
352,404
352,738
353,739
353,740
353,741
354,394
354,742
354,743
355,335
355,201
355,78
356,1
356,744
356,745
357,383
357,501
357,49
358,746
358,747
358,748
359,749
359,750
359,751
360,583
360,247
360,752
361,70
361,39
361,753
362,754
362,755
362,756
363,757
363,758
363,759
364,760
364,761
364,762
365,434
365,39
365,763
367,53
367,764
367,765
368,131
368,295
368,766
369,152
369,767
369,761
370,34
370,768
370,769
371,770
371,308
371,475
372,128
372,525
372,771
374,772
374,773
374,774
375,99
375,775
375,776
376,279
376,37
376,606
377,434
377,510
377,173
378,770
378,42
378,708
379,25
379,367
379,777
380,585
380,778
380,202
381,559
381,218
381,129
382,210
382,88
382,678
383,508
383,483
383,59
384,513
384,73
384,44
386,779
386,780
386,781
390,782
390,783
390,784
391,251
391,785
391,645
392,786
392,787
392,788
393,25
393,789
393,790
394,791
394,792
394,765
396,793
396,794
396,177
397,795
397,796
397,797
398,798
398,799
398,800
399,801
399,802
399,803
400,804
400,805
400,806
401,807
401,808
401,619
404,809
404,810
404,811
406,812
406,813
406,814
408,815
408,177
408,816
409,817
409,818
409,226
410,212
410,789
410,220
411,819
412,820
412,88
412,128
413,821
413,443
413,275
414,37
414,822
414,823
415,167
415,824
415,78
416,825
416,199
416,501
417,826
417,827
417,828
419,829
419,801
419,830
420,250
420,831
420,832
421,29
421,121
421,833
423,233
423,394
423,834
424,583
424,835
424,530
425,390
425,394
425,26
426,836
426,837
426,838
427,72
427,839
427,389
428,17
428,139
428,840
429,841
429,842
429,843
430,791
430,844
430,845
431,16
431,100
431,846
432,561
432,670
432,516
433,847
433,848
433,112
434,65
434,849
434,850
435,557
435,851
435,852
436,416
436,853
436,854
437,610
437,670
437,733
438,57
438,165
438,548
439,186
439,855
439,856
440,560
440,62
440,44
441,857
441,858
441,859
442,65
442,56
442,173
443,860
443,861
443,862
444,643
444,381
444,863
445,437
445,839
445,303
446,864
446,865
446,85
447,866
447,92
447,270
448,233
448,577
448,753
449,867
449,868
449,869
450,46
450,821
450,493
451,483
451,559
451,870
452,871
452,469
452,622
453,401
453,838
453,872
454,582
454,509
454,59
455,330
455,696
455,368
456,873
456,482
456,418
457,19
457,394
457,874
458,244
458,59
458,475
459,213
459,875
459,368
460,772
460,876
460,168
461,877
461,878
461,879
462,880
462,425
462,881
463,882
463,883
463,377
464,25
464,69
464,547
465,884
465,394
465,885
466,886
466,887
466,848
467,556
467,888
467,889
468,383
468,890
468,891
469,417
469,279
469,892
470,893
470,894
470,895
471,580
471,620
471,152
472,583
472,896
472,897
473,176
473,696
473,898
474,278
474,248
474,60
475,820
475,899
475,900
476,116
476,717
476,901
477,11
477,73
477,902
478,46
478,198
478,181
479,824
479,903
479,174
480,120
480,904
480,566
481,581
481,188
481,905
483,430
483,576
483,906
484,907
484,908
484,831
485,585
485,909
485,910
486,401
486,911
486,365
487,912
487,903
487,913
488,417
488,578
488,914
489,458
489,876
489,915
490,213
490,125
490,270
491,131
491,776
491,916
492,144
492,14
492,917
493,918
493,116
493,919
494,677
494,318
494,498
495,920
495,921
495,922
496,923
496,924
497,74
497,47
497,434
498,426
498,925
498,130
499,126
499,393
499,531
500,4
500,164
500,28
501,121
501,926
501,522
502,863
502,927
502,928
503,204
503,929
503,930
504,272
504,69
504,551
505,718
505,416
505,236
507,508
507,278
507,904
508,1
508,407
508,931
509,63
509,186
509,120
510,932
510,818
510,933
511,870
511,318
511,746
513,934
513,199
513,366
514,174
514,929
514,137
515,40
515,47
515,935
516,61
516,936
516,937
517,425
517,56
517,186
518,40
518,39
518,761
519,938
519,939
519,940
520,755
520,941
520,942
521,474
521,925
521,943
522,654
522,944
522,945
523,946
523,947
523,948
524,949
524,950
524,366
525,951
525,126
525,952
526,953
526,496
526,954
527,300
527,488
527,485
528,896
528,821
528,733
529,563
529,485
529,955
530,481
530,956
530,957
531,958
531,959
531,960
532,459
532,961
532,962
533,213
533,578
533,846
534,40
534,562
534,963
535,501
535,66
535,580
536,13
536,138
536,405
537,383
537,890
537,120
538,915
538,964
538,542
539,1
539,559
539,965
540,45
540,189
540,966
541,19
541,967
541,728
542,176
542,968
542,969
543,970
543,549
543,971
544,416
544,313
544,972
546,38
546,497
546,510
547,967
547,697
547,973
548,886
548,974
548,975
549,976
549,977
549,978
550,979
550,333
550,177
551,980
551,981
551,982
552,886
552,165
552,448
553,677
553,18
553,983
554,881
554,437
554,138
555,198
555,328
555,510
556,984
556,985
556,986
557,987
557,988
557,989
558,772
558,220
558,990
559,991
559,992
559,993
560,994
560,512
560,967
561,995
561,996
561,997
561,998
562,999
562,1000
562,1001
563,1002
563,1003
563,1004
564,966
564,801
564,802
565,1005
565,82
565,1006
567,274
567,1007
567,181
568,1008
568,1009
568,1010
569,1011
569,1012
569,1013
570,1014
570,1015
570,1016
572,321
572,1017
572,1018
574,1019
574,1020
574,1021
575,1022
575,1023
575,1024
577,736
577,492
577,1025
579,1026
579,147
579,1027
580,1028
580,1029
580,1030
581,1031
581,1032
581,1033
584,658
584,1034
584,1035
585,1036
585,1037
585,1038
586,772
586,46
586,516
587,494
587,77
587,470
588,1039
588,4
588,1040
589,585
589,1041
589,301
590,508
590,835
590,1042
591,1043
591,1044
591,1045
591,1046
592,770
592,210
592,875
593,295
593,40
593,1047
594,1048
594,1049
594,1050
595,1051
595,1052
595,1053
596,1054
596,1055
596,1056
597,426
597,247
597,1057
599,1058
599,1059
599,1060
600,1061
600,1062
600,1063
601,1064
601,1065
601,1066
602,1067
602,1068
602,1069
603,43
603,1070
603,1071
604,1072
604,1073
604,1074
605,88
605,187
605,1075
606,1076
606,1077
606,1078
607,1079
607,1080
607,706
608,1081
608,399
608,443
609,401
609,164
609,1082
610,1083
610,1084
610,1085
611,1086
611,1087
611,1088
612,1089
612,584
612,748
613,481
613,1090
613,1091
614,1092
614,1093
614,1094
616,1095
616,1096
616,1097
617,1098
617,1099
617,1100
619,1101
619,1102
619,1103
620,1104
620,1105
620,1106
621,395
621,652
621,1107
623,906
623,1108
623,1109
624,856
624,1110
624,1111
626,819
626,1112
626,933
627,764
627,1113
627,1114
628,426
628,405
628,1115
629,1116
629,135
629,1117
630,510
630,1118
630,1119
631,886
631,1120
631,1121
632,1122
632,1123
632,1124
633,1125
633,1126
633,1127
634,458
634,1128
634,1129
635,475
635,112
635,1130
636,1131
636,1132
636,1133
637,13
637,557
637,1134
639,1135
639,1136
639,1137
640,45
640,651
640,139
641,1138
641,1139
641,1140
642,1141
642,1142
642,1143
643,1144
643,1145
643,1146
644,1147
644,1148
644,1149
645,1150
645,305
645,653
647,407
647,559
647,1151
648,582
648,1152
648,1150
650,744
650,639
650,964
652,1153
652,1154
652,1155
653,483
653,425
653,436
654,1156
654,1157
654,1158
656,458
656,44
656,972
658,1159
658,1160
658,1161
659,1162
659,1163
659,1164
660,40
660,1165
660,1166
661,1167
661,1168
661,899
662,1169
662,780
662,1170
663,1171
663,1172
663,1173
664,1174
664,139
664,1175
665,1176
665,1177
665,1178
668,1179
668,1180
668,1181
669,1182
669,1183
669,1184
670,1185
670,1186
670,1187
671,1188
671,1189
671,1190
672,145
672,1191
672,450
673,1192
673,1193
673,1135
674,1194
674,1195
674,1196
676,1197
676,1198
676,1199
679,514
679,1200
679,1201
680,1202
680,1203
680,1204
681,1205
681,386
681,1206
682,1207
682,1208
683,1209
683,1210
683,1211
684,1212
684,1213
684,1214
687,120
687,515
687,1215
688,951
688,272
688,174
691,1216
691,962
691,821
692,1217
692,1218
692,1219
694,966
694,1220
694,1221
695,108
695,1222
695,1223
695,1224
696,1225
696,1226
696,1227
697,434
697,669
697,764
699,1228
699,1229
699,1230
700,1231
700,1232
700,1233
701,222
701,1234
701,1235
702,1236
702,357
702,1237
703,128
703,1238
703,1239
704,1240
704,1241
705,1242
705,1243
705,722
706,1244
706,1245
706,1246
707,583
707,614
707,1247
708,643
708,771
708,1248
709,1249
709,1250
709,1251
710,1252
710,516
710,557
711,912
711,718
711,1253
712,20
712,50
712,957
713,51
713,1247
713,1254
714,242
714,1255
714,1256
715,1257
715,661
715,1258
716,1259
716,1260
716,1261
717,1262
717,506
717,1263
718,1264
718,640
718,1265
719,770
719,501
719,1266
722,1267
722,1268
722,1269
724,1270
724,1271
724,1272
725,418
725,566
725,1252
726,45
726,650
726,1070
727,1273
727,1274
727,1275
728,1276
728,1277
728,1278
731,213
731,512
731,199
732,1279
732,1280
732,1281
734,8
734,557
734,1031
735,1282
735,1283
735,1284
736,1285
736,389
736,1286
737,1287
737,1288
737,1289
739,1290
739,1141
739,1291
741,1292
741,1293
741,1294
742,938
742,563
742,1295
743,34
743,1296
743,1297
744,1298
744,1299
744,1300
745,1301
745,1302
746,1303
746,1304
746,1305
747,202
747,1306
747,1023
748,163
748,886
748,1307
749,1308
749,1309
749,1310
751,1311
751,1312
751,1313
752,1314
752,1315
752,1316
753,1317
753,1318
753,643
754,76
754,1319
754,1320
755,1321
755,1322
755,1323
757,322
757,1324
757,864
758,1325
758,1326
758,1327
759,1328
760,1329
760,1330
760,1331
761,1332
761,1333
761,747
762,77
762,1334
762,437
763,982
763,1335
763,76
764,1336
764,1337
764,1338
765,4
765,1339
765,1340
766,392
766,1341
766,994
767,1342
767,1343
767,7
768,1344
768,1176
768,1345
769,758
769,1346
769,1347
770,1348
770,1349
770,1350
772,1351
772,1352
772,1353
773,1354
773,1355
773,1356
774,1357
774,1358
774,1359
775,1194
775,1360
775,1162
776,227
776,1361
776,487
777,1362
777,1363
777,1364
778,685
778,1365
778,428
779,509
779,548
779,1366
780,915
780,270
780,566
781,417
781,1337
781,1026
782,17
782,56
782,513
783,77
783,236
783,1367
784,53
784,761
784,1368
785,57
785,1070
785,1369
786,585
786,1370
786,870
788,250
788,785
788,1371
792,1372
792,1373
792,1374
794,1375
794,1376
794,1377
795,753
795,186
795,507
796,1378
796,1379
796,1380
797,1381
797,305
797,1382
798,65
798,1383
798,1384
799,401
799,1385
799,1386
800,1362
800,1387
800,1388
801,1389
801,78
801,1390
802,254
802,1391
802,1392
803,444
803,334
803,1393
804,373
804,1394
804,1395
805,859
805,173
805,418
806,638
806,1396
806,873
808,1397
808,1398
808,1399
809,73
809,177
809,1400
810,1401
810,427
810,1402
813,1369
813,859
813,917
814,1403
814,1404
814,1405
816,1406
816,1407
816,1408
818,1036
818,1037
818,241
819,1409
819,1410
819,1411
820,1412
820,1413
820,1414
822,1415
822,1416
822,1417
824,1418
824,1419
824,1420
827,395
827,248
827,1421
828,558
828,22
828,1422
829,845
829,1423
829,1424
830,1425
830,1426
830,14
831,1427
831,1428
831,1429
832,131
832,745
832,60
833,1430
833,438
833,1431
834,1432
834,1433
834,1434
835,1435
835,429
835,1436
836,434
836,639
836,1437
837,61
837,1244
837,1438
838,584
838,1439
838,515
839,1440
839,1441
839,1442
840,778
840,1443
840,1444
843,1445
843,1446
843,1447
845,1448
845,1449
845,1450
846,1451
846,938
846,387
847,979
847,1452
847,1386
848,715
848,129
848,1453
849,677
849,443
849,1454
850,1455
850,323
850,1456
851,1457
851,740
851,1458
852,508
852,60
852,883
853,1459
854,1460
854,1461
854,1462
856,1463
856,1464
856,1465
857,1466
857,1467
857,1468
858,1469
858,16
858,870
859,1470
859,1471
859,1472
860,1473
860,1474
860,1475
861,297
861,1476
861,1324
862,1477
862,1478
862,1479
864,1480
864,923
864,711
865,1481
865,1482
865,1483
866,734
866,480
866,1484
867,202
867,1485
867,1244
869,152
869,706
869,511
870,46
870,951
870,1486
873,1487
873,1488
873,1489
874,676
874,1490
874,1491
875,1492
875,1493
875,1494
877,392
877,1495
877,1496
878,1497
878,1498
878,1499
879,846
879,414
879,132
880,121
880,1469
880,18
881,1500
881,1501
881,1502
882,479
882,71
882,64
884,1503
884,145
884,1504
885,458
885,1003
885,1505
886,1252
886,275
886,870
887,1506
887,1440
887,1507
888,1508
888,1509
888,1510
888,1511
889,1512
889,1513
890,181
890,1514
890,51
891,1515
891,1516
891,1517
892,302
892,1518
892,1519
893,583
893,806
893,1520
895,1521
895,1522
895,1523
896,1524
896,1525
896,1526
897,1527
897,1528
897,1204
898,1529
898,605
898,1530
899,1531
899,1532
899,1533
900,1531
900,1534
900,1535
901,1536
901,1537
901,1538
902,1536
902,1539
902,1540
903,1530
903,1541
903,1542
904,1530
904,1543
904,1544
905,1545
905,1546
905,1547
906,1548
906,1528
906,1549
907,1537
907,1550
907,1551
908,1529
908,1552
908,1553
909,8
909,1216
909,1554
910,1555
910,1032
910,8
911,1529
911,1536
911,7
912,1556
912,1528
912,1557
913,1556
913,1558
913,1559
914,1536
914,1560
914,1561
915,1556
915,1536
915,1058
916,1562
916,1536
916,1563
917,1564
917,1565
917,1566
918,1567
918,1568
918,1558
919,1567
919,1569
919,1570
920,1545
920,1571
920,1572
921,1573
921,1574
921,1575
923,1576
923,1549
923,1577
924,1578
924,1579
924,1580
925,1581
925,758
925,1582
926,1583
926,1584
926,1585
927,1586
927,1587
927,1588
928,1589
928,1590
928,1585
929,1591
929,1592
929,1593
930,1529
930,1528
930,1594
931,1528
931,1562
931,1595
932,1529
932,1596
932,1597
933,1529
933,1543
933,1598
934,1599
934,1600
934,1601
935,1537
935,1602
935,1535
936,1603
936,1604
936,1605
937,1527
937,1536
937,1606
938,1534
938,1606
938,1607
939,1560
939,1608
939,1609
940,1321
940,1610
940,1611
941,1612
941,1613
941,1611
942,1614
942,1615
942,1616
943,1614
943,1560
943,1585
944,1617
944,1618
944,1619
945,1537
945,1550
945,1619
946,1620
946,1621
946,1622
947,1623
947,1620
947,1551
948,1601
948,1624
948,1625
949,1625
949,1626
949,1627
950,1623
950,1628
950,1629
951,1529
951,1588
951,1057
952,1630
952,1631
952,1632
953,1530
953,1633
953,1634
954,1530
954,1635
954,1594
955,605
955,1529
955,1636
956,1529
956,1637
956,1638
957,1639
957,1640
957,1641
958,1642
958,1643
958,1644
959,1583
959,1645
959,1646
960,1647
960,1584
960,1594
961,1648
961,1649
961,1650
962,1303
962,1594
962,1651
963,1652
963,1653
963,1654
964,1655
964,1656
964,1657
965,1658
965,1659
965,1660
966,1615
966,1661
966,1662
967,1663
967,1572
967,1664
968,1665
968,1666
968,1667
969,1556
969,605
969,1668
971,1601
971,620
971,1669
972,1601
972,1670
972,1671
973,1527
973,1642
973,1672
974,1548
974,1673
974,1674
975,1675
975,1676
975,1677
976,1527
976,1678
976,1679
977,1680
977,1681
977,1682
978,1683
978,758
978,1684
979,1122
979,1685
979,1686
981,184
981,1687
981,1688
982,1058
982,1541
982,1689
983,1690
983,1691
983,1692
986,1693
986,1091
986,556
987,91
987,731
987,806
988,1694
988,403
988,1695
990,25
990,484
990,653
991,300
991,486
991,247
992,318
992,276
992,1696
993,761
993,328
993,1697
994,1698
994,439
994,1699
996,416
996,1700
996,1701
997,619
997,892
997,1702
998,785
998,1703
998,1704
999,1705
999,1693
999,1706
1000,189
1000,1707
1000,1086
1002,1708
1002,1709
1002,1710
1003,383
1003,59
1003,313
1004,498
1004,172
1004,682
1005,824
1005,1711
1005,1712
1006,448
1006,59
1006,237
1007,1713
1007,1714
1007,1715
1008,1716
1008,1717
1008,1718
1009,1563
1009,1581
1009,1515
1011,1678
1011,1719
1011,1720
1012,1721
1012,1716
1012,1722
1013,1723
1013,1724
1013,1725
1014,1726
1014,1723
1014,1727
1015,401
1015,164
1015,1728
1016,1554
1016,1729
1016,1722
1017,1730
1017,1721
1017,1731
1018,1723
1018,1732
1018,1733
1019,1734
1019,1553
1019,1323
1020,1084
1020,226
1020,1735
1021,951
1021,1736
1021,1737
1022,1738
1022,1739
1022,1740
1023,1741
1023,1097
1023,1742
1025,1743
1025,1741
1025,1744
1027,508
1027,639
1027,179
1028,1745
1028,1746
1028,1747
1029,1097
1029,1748
1029,1749
1030,1750
1030,1751
1030,1752
1031,1753
1031,1747
1031,1754
1032,1755
1032,1756
1032,1757
1033,1758
1033,677
1033,1759
1034,780
1034,165
1034,645
1035,1745
1035,1760
1035,1761
1036,416
1036,384
1036,1762
1037,1763
1037,28
1037,1764
1038,357
1038,634
1038,1003
1039,1765
1039,1766
1039,1767
1040,38
1040,328
1040,1003
1041,1768
1041,1769
1041,1770
1042,1
1042,1337
1042,1771
1043,714
1043,88
1043,1772
1044,40
1044,1773
1044,66
1045,1774
1045,1775
1045,1776
1046,1777
1046,1778
1046,1779
1047,42
1047,418
1047,1780
1049,31
1049,18
1049,648
1050,16
1050,213
1050,137
1051,443
1051,1246
1051,1781
1052,1381
1052,728
1052,961
1053,946
1053,815
1053,1782
1054,1783
1054,973
1054,1784
1055,886
1055,542
1055,1041
1056,684
1056,48
1056,594
1057,144
1057,1425
1057,247
1058,1785
1058,1786
1058,1787
1060,1788
1060,1789
1060,950
1061,17
1061,37
1061,581
1062,57
1062,750
1062,130
1063,794
1063,1238
1063,1790
1064,1791
1064,1792
1064,1793
1064,1040
1066,1537
1066,1550
1066,1619
1067,1537
1067,1794
1067,1795
1068,1796
1068,1797
1068,1060
1069,1798
1069,1799
1069,1800
1070,1797
1070,1664
1070,1801
1076,1596
1076,1802
1076,1803
1077,144
1077,14
1077,1804
1078,144
1078,1805
1078,1806
1079,1807
1079,778
1079,560
1080,1808
1080,1807
1080,1809
1081,1745
1081,766
1081,1810
1082,1811
1082,1812
1082,1604
1083,1032
1083,1813
1083,8
1084,604
1084,237
1084,1814
1085,1599
1085,1815
1085,1816
1086,1581
1086,1543
1086,1817
1087,1818
1087,1819
1087,1820
1088,494
1088,1821
1088,1822
1089,186
1089,50
1089,368
1090,886
1090,966
1090,705
1091,544
1091,1823
1091,1824
1092,31
1092,45
1092,89
1093,1825
1093,1826
1093,1827
1093,1828
1094,1829
1094,679
1094,1392
1095,16
1095,8
1095,213
1096,279
1096,560
1096,36
1097,1830
1097,449
1097,274
1099,1831
1099,1832
1099,1833
1100,582
1100,125
1100,475
1101,582
1101,580
1101,1834
1102,1835
1102,1836
1102,235
1103,1625
1103,1813
1103,1837
1104,1571
1104,1469
1104,1838
1106,1839
1107,1840
1107,1841
1107,1842
1111,1843
1111,231
1113,458
1113,733
1113,1844
1114,219
1114,1845
1114,393
1115,1846
1115,1847
1115,1848
1116,1849
1116,1850
1116,1851
1117,652
1117,1852
1117,1004
1120,57
1120,1853
1120,1115
1123,1854
1123,1855
1123,1856
1124,605
1124,1857
1124,1194
1126,1028
1126,1858
1126,1859
1127,166
1127,179
1127,1860
1128,1861
1128,778
1128,1862
1129,677
1129,1863
1129,1059
1131,1864
1131,1003
1131,652
1132,1864
1132,1150
1132,652
1133,1865
1133,1866
1133,1867
1135,1425
1135,1868
1135,437
1137,1869
1137,1870
1137,1871
1138,1872
1138,1873
1138,1874
1139,1875
1139,1876
1139,1877
1140,493
1140,33
1140,1878
1141,1879
1141,1880
1141,1881
1143,658
1143,1882
1143,1098
1145,1883
1145,1884
1145,1885
1146,1116
1146,1886
1146,135
1147,1887
1147,1888
1147,1889
1148,1301
1150,1003
1150,1890
1150,1891
1151,1892
1151,1893
1151,1894
1152,1895
1152,1896
1152,1897
1153,1898
1153,1799
1153,1899
1154,1898
1154,1900
1154,1901
1158,1794
1158,1795
1158,1902
1159,1794
1159,1795
1159,1903
1160,1636
1160,1904
1160,1905
1161,1906
1161,1907
1161,1908
1162,1573
1162,1909
1162,1910
1163,496
1163,1911
1163,1912
1165,1913
1165,1914
1165,1915
1167,21
1167,1916
1167,1917
1168,1918
1168,1919
1168,1920
1169,1921
1169,1922
1169,1923
1170,1924
1170,276
1170,480
1171,580
1171,482
1171,384
1172,1205
1172,1925
1172,1926
1173,1927
1173,1928
1173,608
1175,1929
1175,1930
1175,1931
1176,75
1176,1932
1176,1933
1177,642
1177,871
1177,706
1178,1734
1178,1934
1178,1679
1179,212
1179,265
1179,32
1180,366
1180,1935
1180,1936
1183,488
1183,661
1183,705
1184,1937
1184,1938
1184,1939
1185,820
1185,1736
1185,1940
1186,678
1186,501
1186,714
1187,835
1187,737
1187,11
1188,1941
1188,1942
1188,320
1189,1943
1189,1944
1189,1945
1191,855
1191,1946
1191,1947
1192,1948
1192,1949
1192,1950
1193,210
1193,1431
1193,1951
1194,1251
1194,1952
1194,1953
1196,590
1196,19
1196,591
1197,755
1197,1954
1197,744
1198,19
1198,1955
1198,1956
1199,97
1199,1957
1199,17
1200,62
1200,1958
1200,1860
1201,278
1201,1844
1201,1863
1202,1518
1202,1959
1202,1960
1203,1961
1203,1742
1203,1962
1204,1573
1204,1963
1204,507
1205,1576
1205,1622
1205,1964
1206,1965
1206,1966
1206,1967
1207,1562
1207,1968
1207,1969
1208,1469
1208,33
1208,475
1210,590
1210,19
1210,591
1211,1970
1211,1971
1211,1972
1212,1576
1212,1549
1212,1973
1213,17
1213,272
1213,46
1214,62
1214,1974
1214,391
1216,1975
1216,640
1216,1486
1217,1976
1217,1977
1217,1978
1218,1979
1218,1980
1218,1981
1219,1982
1219,1862
1219,1983
1220,1984
1220,557
1220,1985
1221,16
1221,17
1221,475
1222,43
1222,1986
1222,669
1224,74
1224,1987
1224,1988
1225,909
1225,93
1225,1989
1226,1655
1226,1724
1226,1990
1227,17
1227,676
1227,92
1228,17
1228,402
1228,46
1230,144
1230,14
1230,1991
1231,775
1231,1047
1231,166
1232,1992
1232,1993
1232,1994
1233,1995
1233,1996
1233,1997
1234,620
1234,1811
1234,1998
1235,1999
1235,2000
1235,2001
1236,2002
1236,387
1236,2003
1237,2004
1237,2005
1237,2006
1238,2007
1238,765
1238,2008
1240,585
1240,1041
1240,1860
1242,761
1242,407
1242,755
1244,144
1244,14
1244,1918
1245,138
1245,514
1245,403
1246,4
1246,1490
1246,525
1247,638
1247,130
1247,2009
1248,2010
1248,1576
1248,1862
1249,339
1249,2011
1249,2012
1250,1058
1250,1963
1250,2013
1252,210
1252,237
1252,2014
1253,2015
1253,1540
1253,2016
1254,1556
1254,2017
1254,2018
1255,2019
1255,2020
1255,2021
1256,2022
1256,2023
1256,2024
1257,265
1257,2025
1257,2026
1258,210
1258,2027
1258,2028
1259,2029
1259,2030
1259,2031
1260,2032
1260,2033
1260,2034
1262,2035
1262,766
1262,616
1263,17
1263,2036
1263,235
1264,2037
1264,2038
1264,2039
1265,1369
1265,501
1265,841
1266,278
1266,59
1266,639
1267,2040
1267,2041
1267,1862
1268,198
1268,255
1268,2042
1269,1529
1269,2043
1269,1626
1270,401
1270,220
1270,2044
1271,1233
1271,621
1271,199
1272,1232
1272,2045
1272,2046
1273,2047
1273,2048
1273,2049
1274,2050
1274,2051
1274,2052
1275,122
1275,425
1275,2053
1276,620
1276,769
1276,1953
1277,1003
1277,2054
1277,1440
1278,2055
1278,612
1278,2056
1279,128
1279,357
1279,2057
1280,85
1280,1450
1280,2058
1281,2059
1281,2060
1281,2061
1282,2062
1282,2063
1282,2064
1283,1527
1283,1543
1283,1572
1284,1556
1284,2065
1284,2066
1285,128
1285,198
1285,451
1286,708
1286,2067
1286,1760
1287,2010
1287,2013
1287,2068
1288,2069
1288,2070
1288,2071
1290,193
1290,199
1290,2044
1291,19
1291,425
1291,2072
1292,2073
1292,1216
1292,1604
1293,485
1293,1839
1293,2074
1294,542
1294,2075
1294,1974
1295,820
1295,661
1295,925
1297,2076
1297,2077
1297,2078
1298,2079
1298,2080
1298,2081
1300,2082
1300,2083
1300,2084
1301,1671
1301,2085
1301,34
1302,508
1302,112
1302,272
1303,425
1303,2086
1303,1760
1304,620
1304,1811
1304,2009
1305,2087
1305,974
1305,1322
1306,481
1306,1971
1306,2088
1307,561
1307,559
1307,591
1308,2089
1308,771
1308,2090
1309,2091
1309,2092
1309,2093
1310,2094
1310,2095
1310,2096
1311,2097
1311,2098
1311,2099
1312,2100
1312,2101
1312,2053
1313,1814
1313,2102
1313,138
1314,2103
1314,2104
1314,2105
1316,2106
1316,2107
1316,2108
1317,7
1317,1783
1317,1118
1318,261
1318,2109
1318,685
1320,62
1320,973
1320,1079
1321,2110
1321,2111
1321,2112
1322,2113
1322,2114
1322,1423
1322,2115
1323,1991
1323,2116
1323,2117
1324,2118
1324,2119
1324,2120
1324,2121
1325,2122
1325,2123
1325,2124
1325,2110
1326,2125
1326,2126
1326,2127
1327,667
1327,2128
1327,2129
1328,2130
1328,2131
1328,2132
1328,2133
1329,2134
1329,2135
1329,2136
1330,2137
1330,2138
1330,2139
1331,40
1331,1859
1331,1804
1332,33
1332,2140
1332,2141
1333,2142
1333,2143
1333,621
1334,2035
1334,2144
1334,2145
1336,1763
1336,2146
1336,2147
1337,2148
1337,2149
1337,2150
1339,2151
1339,474
1339,2152
1340,2148
1340,2153
1340,2154
1341,2155
1341,2156
1341,2157
1342,468
1342,472
1342,1076
1343,17
1343,583
1343,390
1344,1562
1344,1797
1344,2158
1345,1343
1345,1342
1345,1118
1346,974
1346,1965
1346,2159
1347,2160
1347,242
1347,2161
1348,2162
1348,2163
1348,2164
1350,1562
1350,2165
1350,2166
1352,126
1352,237
1352,745
1353,2167
1353,233
1353,2065
1354,2168
1354,1015
1354,522
1355,685
1355,583
1355,2169
1356,699
1356,700
1356,701
1357,2170
1357,1128
1357,2171
1358,2172
1358,2173
1358,530
1359,585
1359,1500
1359,1134
1360,2174
1360,2175
1360,2176
1361,2177
1361,2178
1361,2179
1363,407
1363,10
1363,90
1364,1015
1364,2180
1364,2181
1365,2182
1365,2183
1365,2184
1366,820
1366,128
1366,2185
1367,308
1367,1693
1367,2186
1369,2187
1369,2188
1369,2189
1370,416
1370,178
1370,1762
1371,2190
1371,1964
1371,2191
1372,2190
1372,1964
1372,2191
1373,2190
1373,1964
1373,2191
1375,2190
1375,1964
1375,2191
1376,2190
1376,1964
1376,2191
1377,770
1377,61
1377,88
1378,824
1378,165
1378,1151
1379,824
1379,165
1379,1151
1380,254
1380,2192
1380,964
1381,88
1381,2193
1381,2194
1382,498
1382,2195
1382,2196
1383,122
1383,484
1383,2197
1384,470
1384,2198
1384,252
1385,498
1385,546
1385,394
1386,2199
1386,1741
1386,2200
1387,2201
1387,1998
1387,167
1388,2201
1388,2202
1388,2203
1389,483
1389,2204
1389,2205
1390,8
1390,766
1390,557
1391,210
1391,28
1391,313
1392,904
1392,2206
1392,1479
1393,582
1393,903
1393,1062
1394,70
1394,63
1394,2207
1395,167
1395,61
1395,2208
1396,1811
1396,557
1396,2209
1397,152
1397,1113
1397,168
1398,173
1398,448
1398,2210
1399,279
1399,380
1399,14
1400,138
1400,974
1400,2211
1401,213
1401,676
1401,458
1405,2212
1405,416
1405,77
1407,1272
1407,727
1407,794
1408,820
1408,825
1408,2213
1409,254
1409,501
1409,481
1410,1216
1410,389
1410,188
1411,74
1411,2214
1411,1987
1412,608
1412,2215
1412,2216
1413,669
1413,1062
1413,2217
1414,896
1414,1533
1414,2218
1415,395
1415,652
1415,2219
1416,855
1416,97
1416,51
1417,125
1417,248
1417,2208
1419,2111
1419,2220
1419,2221
1420,2222
1420,2223
1420,2224
1422,56
1422,1339
1422,2225
1424,607
1424,193
1424,2226
1425,1807
1425,778
1425,560
1426,106
1426,2227
1426,2228
1427,272
1427,348
1427,2229
1428,1685
1428,945
1428,880
1431,239
1431,1296
1431,123
1432,250
1432,748
1432,2230
1434,2231
1434,2232
1434,2233
1434,2234
1436,2075
1436,2235
1436,88
1437,1090
1437,2236
1437,2237
1438,28
1438,1041
1438,2238
1439,2239
1439,2240
1439,2025
1440,70
1440,418
1440,803
1441,242
1441,199
1441,486
1442,1335
1442,1986
1442,2241
1443,2242
1443,2243
1443,2244
1445,202
1445,1322
1445,1059
1446,2245
1446,2246
1446,2247
1447,818
1447,50
1447,245
1448,2248
1448,2249
1448,2250
1449,2071
1449,2251
1449,982
1450,521
1450,2252
1450,2253
1453,2254
1453,2255
1453,54
1455,2256
1455,2257
1455,2258
1456,497
1456,2259
1456,2260
1457,2261
1457,412
1457,831
1458,39
1458,219
1458,2262
1459,278
1459,59
1459,166
1460,76
1460,1735
1460,1732
1461,610
1461,913
1461,1070
1462,1706
1462,2263
1462,2264
1463,1426
1463,972
1463,2265
1464,270
1464,328
1464,2266
1465,1152
1465,2267
1465,2268
1466,16
1466,242
1466,368
1468,2269
1468,2270
1468,1704
1470,2271
1470,2272
1470,2273
1471,2274
1471,2275
1471,2276
1472,186
1472,779
1472,252
1473,2277
1473,898
1473,68
1475,2278
1475,2279
1475,2280
1476,2281
1476,2282
1476,2283
1477,116
1477,185
1477,1136
1479,18
1479,71
1479,523
1480,20
1480,2284
1480,2285
1482,891
1482,2286
1482,2287
1483,678
1483,63
1483,467
1484,2288
1484,439
1484,464
1485,53
1485,2289
1485,2290
1486,2291
1486,2292
1486,2293
1487,58
1487,619
1487,750
1488,19
1488,581
1488,2294
1489,445
1489,2295
1489,2296
1490,318
1490,2297
1490,558
1493,2298
1493,2299
1493,2300
1494,171
1494,644
1494,1485
1495,2301
1495,2302
1495,2303
1496,2304
1496,29
1496,642
1497,25
1497,2305
1497,2306
1498,1337
1498,1247
1498,127
1499,1152
1499,58
1499,193
1500,265
1500,537
1500,557
1501,193
1501,678
1501,2307
1502,2308
1502,992
1502,2309
1503,46
1503,2310
1503,747
1504,2311
1504,387
1504,1122
1507,308
1507,399
1507,2312
1508,389
1508,1169
1508,2313
1509,2314
1509,2315
1509,2316
1510,2317
1510,2318
1510,441
1511,2319
1511,2320
1511,2321
1513,145
1513,2322
1513,771
1514,864
1514,85
1514,2323
1515,394
1515,334
1515,2324
1516,929
1516,120
1516,909
1517,970
1517,1687
1517,369
1518,677
1518,530
1518,2227
1519,2325
1519,2326
1519,523
1520,486
1520,727
1520,971
1522,2327
1522,2328
1522,2329
1523,165
1523,2330
1523,2331
1524,1955
1524,27
1524,2332
1525,2333
1525,2334
1525,2335
1526,4
1526,561
1526,2336
1527,416
1527,2337
1527,474
1528,2338
1528,609
1528,2339
1529,419
1529,2340
1529,2341
1531,608
1531,1391
1531,2342
1532,2343
1532,869
1532,2344
1533,2345
1533,2346
1533,2347
1535,236
1535,2348
1535,2349
1537,2350
1537,2351
1537,2352
1538,2353
1538,2354
1538,1754
1539,2355
1539,2356
1539,2357
1541,559
1541,761
1541,2358
1542,899
1542,890
1542,685
1543,2359
1543,706
1543,2360
1544,566
1544,66
1544,899
1545,2361
1545,2362
1545,2363
1546,2364
1546,2365
1546,2366
1547,2367
1547,2368
1547,2369
1547,2370
1548,824
1548,1233
1548,33
1549,39
1549,654
1549,1029
1550,502
1550,1693
1550,1771
1551,60
1551,2371
1551,2372
1552,70
1552,265
1552,248
1553,2373
1553,2374
1553,2375
1554,2376
1554,685
1554,2377
1555,2378
1555,2379
1555,2380
1556,173
1556,244
1556,705
1557,979
1557,1452
1557,1386
1558,2002
1558,2381
1558,942
1559,2382
1561,1694
1561,2383
1561,2384
1562,585
1562,187
1562,448
1563,794
1563,2385
1563,402
1565,186
1565,764
1565,91
1566,2386
1566,2387
1566,676
1567,2388
1567,434
1567,2389
1568,2390
1568,2391
1568,2392
1569,247
1569,64
1569,764
1570,2393
1570,2394
1570,2395
1572,1360
1572,670
1572,397
1573,254
1573,70
1573,41
1574,314
1574,2396
1574,2397
1575,2398
1575,2399
1575,2400
1577,2401
1577,2402
1577,2403
1578,2404
1578,2405
1578,2406
1579,2407
1579,2408
1579,2409
1580,394
1580,915
1580,273
1581,8
1581,7
1581,2410
1582,22
1582,2411
1582,2412
1583,15
1583,1438
1583,2413
1584,295
1584,859
1584,1974
1585,2414
1585,2415
1585,2416
1586,77
1586,1384
1586,130
1587,585
1587,112
1587,2004
1588,821
1588,1368
1588,2417
1589,65
1589,186
1589,272
1590,73
1590,120
1590,2227
1591,2418
1591,497
1591,33
1592,2419
1592,2420
1592,2421
1593,1394
1593,2422
1593,37
1594,2423
1594,2424
1594,2425
1595,330
1595,2426
1595,280
1596,522
1596,2427
1596,2428
1597,131
1597,247
1597,699
1598,770
1598,218
1598,1210
1599,1401
1599,1114
1599,2429
1600,100
1600,744
1600,254
1601,73
1601,50
1601,1370
1602,276
1602,2430
1602,2431
1603,145
1603,462
1603,2432
1604,886
1604,118
1604,2433
1605,108
1605,1458
1605,219
1606,2434
1606,438
1606,2435
1608,19
1608,474
1608,308
1609,2436
1609,2437
1609,99
1610,425
1610,213
1610,1047
1611,2030
1611,434
1611,856
1612,2438
1612,2439
1612,813
1613,2440
1613,2441
1613,2442
1614,560
1614,271
1614,2443
1615,40
1615,213
1615,2444
1616,187
1616,125
1616,2445
1617,137
1617,654
1617,730
1619,581
1619,121
1619,2446
1620,639
1620,946
1620,755
1621,1370
1621,1704
1621,185
1622,2447
1622,273
1622,748
1623,2448
1623,2449
1623,2450
1624,88
1624,390
1624,152
1625,31
1625,2307
1625,100
1626,498
1626,1364
1626,2451
1627,100
1627,58
1627,583
1628,586
1628,1019
1628,1788
1629,771
1629,2452
1629,2453
1630,2454
1630,2455
1630,2456
1631,486
1631,542
1631,485
1632,21
1632,348
1632,271
1633,460
1633,2457
1633,2458
1635,560
1635,41
1635,2459
1636,2089
1636,1217
1636,2460
1639,2461
1639,2462
1639,2463
1640,2464
1640,2297
1640,2465
1641,649
1641,648
1641,2466
1643,2467
1643,285
1643,2468
1644,2469
1644,2470
1644,334
1645,434
1645,16
1645,1771
1647,2471
1647,252
1647,429
1648,464
1648,192
1648,2472
1649,2473
1649,2474
1649,2475
1650,152
1650,514
1650,959
1651,37
1651,23
1651,2476
1652,2477
1652,1208
1652,2478
1653,525
1653,643
1653,2479
1654,1959
1654,2480
1654,2481
1655,1573
1655,420
1655,2482
1656,1437
1656,1440
1656,114
1657,2483
1657,2484
1657,2485
1658,764
1658,685
1658,63
1660,418
1660,2486
1660,2487
1661,951
1661,483
1661,2488
1662,319
1662,818
1662,2489
1663,1369
1663,1084
1663,2490
1665,760
1665,36
1665,1730
1666,2491
1666,1781
1666,1965
1667,254
1667,638
1667,2492
1668,56
1668,974
1668,479
1669,2493
1669,2494
1669,2495
1670,175
1670,57
1670,634
1671,50
1671,1845
1671,850
1672,2496
1672,61
1672,1772
1673,1169
1673,66
1673,1334
1674,19
1674,1834
1674,1238
1675,244
1675,75
1675,2497
1676,2498
1676,2499
1676,436
1677,678
1677,1391
1677,608
1678,2500
1678,2501
1678,2502
1680,584
1680,1691
1680,1685
1681,123
1681,2503
1681,937
1682,53
1682,166
1682,405
1683,302
1683,647
1683,2504
1684,1317
1684,1773
1684,2505
1685,1381
1685,1772
1685,260
1686,426
1686,2506
1686,2507
1687,416
1687,426
1687,2209
1688,559
1688,265
1688,220
1689,1369
1689,881
1689,714
1690,62
1690,128
1690,1930
1693,2508
1693,859
1693,40
1694,475
1694,2509
1694,2510
1695,2511
1695,305
1695,1176
1696,158
1696,1080
1696,2512
1698,2513
1698,2514
1698,2515
1701,144
1701,929
1701,2336
1702,4
1702,1453
1702,276
1703,2
1703,105
1703,151
1704,2496
1704,2461
1704,1015
1705,669
1705,2288
1705,2516
1707,2517
1707,2518
1707,2519
1708,2508
1708,2520
1708,2521
1709,2489
1709,2522
1709,2523
1711,265
1711,137
1711,689
1714,2524
1714,2525
1714,2128
1715,2526
1715,2527
1715,2528
1717,1272
1717,727
1717,794
1718,2529
1718,2530
1718,2531
1719,2532
1719,2533
1719,2534
1721,380
1721,48
1721,2535
1722,28
1722,97
1722,1476
1723,2536
1723,2537
1723,2538
1724,1524
1724,1526
1724,2539
1725,94
1725,2540
1725,2541
1726,508
1726,1400
1726,116
1727,1811
1727,231
1727,120
1728,2542
1728,47
1728,2543
1729,1281
1729,418
1729,2544
1730,2545
1730,2546
1730,2547
1731,34
1731,512
1731,1200
1732,233
1732,335
1732,66
1733,583
1733,2214
1733,979
1735,525
1735,584
1735,2548
1738,2549
1738,2550
1738,2551
1740,1919
1740,2552
1740,2553
1741,2554
1741,2555
1741,412
1742,645
1742,1110
1742,2556
1744,2557
1744,1047
1744,1221
1746,171
1746,240
1746,2558
1747,638
1747,17
1747,334
1748,2559
1748,481
1748,165
1749,2560
1749,1882
1749,2561
1750,495
1750,2562
1750,2563
1752,639
1752,198
1752,1070
1753,2564
1753,1427
1753,2565
1754,407
1754,335
1754,542
1755,2104
1755,2566
1755,1277
1756,219
1756,2567
1756,415
1756,110
1758,2568
1758,2559
1758,2569
1759,316
1759,2570
1759,2571
1760,2572
1760,2573
1760,2574
1762,2575
1762,2576
1762,2577
1764,2578
1764,2579
1764,2580
1765,2581
1765,33
1765,2582
1767,260
1767,734
1767,2583
1769,1979
1769,145
1769,850
1770,2584
1770,1341
1770,1282
1771,2585
1771,2586
1771,2587
1772,557
1772,335
1772,2588
1773,2589
1773,2394
1773,2590
1776,2591
1776,2592
1776,2593
1777,275
1777,449
1777,1038
1779,638
1779,45
1779,418
1783,57
1783,71
1783,480
1784,210
1784,1285
1784,21
1785,219
1785,340
1785,73
1787,2594
1788,1005
1788,2595
1788,2596
1789,2597
1789,2598
1789,2599
1791,620
1791,99
1791,59
1793,421
1793,2142
1793,2600
1794,391
1794,791
1794,2601
1796,2602
1796,2603
1796,2604
1797,300
1797,2605
1797,2606
1798,390
1798,584
1798,421
1799,219
1799,174
1799,68
1801,380
1801,417
1801,248
1804,859
1804,525
1804,2262
1805,37
1805,1272
1805,126
1806,357
1806,1698
1806,1251
1807,1788
1807,2607
1807,2462
1810,254
1810,47
1810,1233
1811,1270
1811,1830
1811,2608
1812,2609
1812,2610
1812,556
1814,1062
1814,684
1814,2313
1815,2611
1815,2612
1815,2613
1815,2614
1816,119
1816,1789
1816,2615
1817,348
1817,373
1817,2560
1820,74
1820,825
1820,481
1821,1394
1821,1516
1821,2616
1822,2617
1822,2618
1822,2619
1824,2172
1824,2548
1824,512
1826,2620
1826,2621
1826,2622
1827,2623
1827,2624
1827,2625
1829,417
1829,85
1829,1324
1831,474
1831,481
1831,1101
1832,654
1832,2626
1832,2627
1833,416
1833,2628
1833,213
1834,767
1834,2629
1834,2630
1835,70
1835,559
1835,1784
1836,442
1836,1277
1836,827
1837,8
1837,7
1837,2631
1839,561
1839,2632
1839,2227
1840,407
1840,2337
1840,2633
1841,74
1841,422
1841,119
1842,748
1842,392
1842,2634
1843,2446
1843,2635
1843,2636
1844,2637
1844,2638
1844,1262
1845,270
1845,315
1845,1175
1846,2639
1846,2640
1846,2641
1847,2642
1847,2643
1847,2644
1848,335
1848,1029
1848,2645
1849,2646
1849,2647
1849,1330
1851,2648
1851,2649
1851,2650
1853,1175
1853,2651
1853,2652
1854,1089
1854,453
1854,2653
1855,167
1855,2654
1855,2655
1856,1853
1856,262
1856,2656
1857,43
1857,444
1857,491
1858,297
1858,1045
1858,2657
1859,2658
1859,2659
1859,2660
1860,2661
1860,222
1860,2662
1861,2663
1861,2664
1861,2665
1862,484
1862,368
1862,2451
1863,445
1863,703
1863,686
1864,431
1864,2666
1864,2667
1866,1169
1866,1151
1866,2668
1867,2498
1867,853
1867,98
1869,494
1869,2669
1869,2670
1870,2671
1870,2672
1870,2673
1871,2674
1871,2675
1871,2676
1872,649
1872,2677
1872,2678
1873,300
1873,2170
1873,643
1874,821
1874,2482
1874,2679
1875,722
1875,464
1875,2322
1876,475
1876,329
1876,718
1877,2680
1877,2681
1877,1918
1878,785
1878,2270
1878,817
1879,2682
1879,683
1879,2683
1880,2684
1880,2227
1880,2685
1881,2686
1881,755
1881,2687
1882,761
1882,640
1882,1917
1883,604
1883,318
1883,2688
1884,242
1884,1458
1884,2689
1885,76
1885,387
1885,2322
1886,2690
1886,2691
1886,2692
1887,239
1887,2261
1887,645
1888,173
1888,2693
1888,357
1889,1015
1889,2694
1889,2695
1890,2696
1890,974
1890,235
1891,2697
1891,2698
1891,2699
1892,31
1892,584
1892,1384
1893,2700
1893,2701
1893,2702
1894,19
1894,334
1894,1089
1895,2469
1895,2703
1895,2704
1896,390
1896,71
1896,38
1897,2705
1897,2706
1897,1363
1898,2568
1898,1437
1898,2707
1901,2708
1901,2709
1901,2710
1902,2711
1902,1394
1902,2210
1904,2712
1904,2713
1904,464
1905,2714
1905,2715
1905,2716
1906,193
1906,393
1906,827
1907,790
1907,250
1907,2446
1908,2717
1908,2566
1908,1736
1910,2229
1910,2718
1910,2719
1911,250
1911,1812
1911,1783
1912,187
1912,58
1912,2267
1913,2720
1913,2721
1913,2722
1914,2723
1914,2724
1914,2725
1915,658
1915,2726
1915,2727
1916,2331
1916,76
1916,2728
1917,416
1917,2172
1917,2461
1918,131
1918,951
1918,46
1919,399
1919,607
1919,2729
1920,5
1920,1390
1920,2730
1921,2731
1921,2732
1921,2733
1922,2734
1922,2735
1922,2736
1923,764
1923,126
1923,315
1925,2737
1925,2738
1925,2739
1926,2740
1926,2741
1926,2742
1927,2743
1927,2744
1927,2745
1928,2746
1928,1637
1928,2747
1929,1603
1929,2748
1929,1587
1930,2749
1930,2750
1930,2751
1931,1308
1931,1545
1931,2752
1932,1623
1932,1628
1932,2753
1933,1647
1933,2754
1933,2755
1934,1635
1934,1530
1934,1634
1935,1671
1935,1724
1935,2756
1936,2757
1936,1671
1936,2758
1937,2759
1937,1990
1937,2760
1938,1581
1938,1726
1938,2761
1939,1628
1939,1615
1939,2762
1940,1562
1940,1721
1940,1303
1941,1589
1941,2763
1941,2764
1942,2765
1942,2766
1942,2767
1943,1530
1943,2010
1943,2768
1944,2007
1944,2769
1944,1596
1945,1469
1945,2045
1945,1962
1946,1059
1946,2770
1946,2771
1947,1813
1947,2772
1947,2773
1948,514
1948,2235
1948,2774
1949,2185
1949,2775
1949,1998
1950,2209
1950,2129
1950,2776
1951,2777
1951,2778
1951,2779
1952,638
1952,1152
1952,2780
1953,59
1953,2201
1953,2781
1954,65
1954,1212
1954,2126
1956,542
1956,2782
1956,2783
1957,2784
1957,2785
1957,2786
1958,1216
1958,562
1958,210
1959,279
1959,1811
1959,2787
1960,578
1960,579
1960,1573
1961,638
1961,582
1961,848
1962,639
1962,621
1962,557
1963,144
1963,2788
1963,2789
1964,1194
1964,542
1964,2790
1965,2087
1965,824
1965,2791
1967,2792
1967,1247
1967,2793
1968,824
1968,2429
1968,2794
1970,2160
1970,2795
1970,328
1971,2161
1971,2796
1971,2797
1973,2161
1973,2798
1973,2799
1974,2800
1974,2801
1974,2802
1975,2800
1975,2803
1975,2804
1977,2805
1977,2806
1977,2807
1979,2808
1979,2809
1979,2810
1981,2811
1981,2812
1981,2813
1982,1515
1982,778
1982,2814
1983,778
1983,1515
1983,2815
1985,1515
1985,2816
1985,2817
1986,1515
1986,2817
1986,2816
1987,34
1987,778
1987,2818
1988,2819
1988,928
1988,2820
1991,2821
1991,981
1991,2822
1992,2822
1992,2111
1992,2823
1994,2824
1994,2825
1994,2826
1995,2824
1995,2826
1995,2825
1996,2825
1996,1974
1996,939
1997,129
1997,2004
1997,2827
1998,2828
1998,2827
1998,1431
1999,1232
1999,2829
1999,2558
2000,131
2000,951
2000,546
2001,131
2001,951
2001,46
2002,131
2002,951
2002,46
2003,2830
2003,1028
2003,2831
2004,2830
2004,1028
2004,2832
2005,949
2005,2833
2005,2834
2006,51
2006,40
2006,2109
2007,1772
2007,138
2007,925
2009,2010
2009,2835
2009,2836
2011,401
2011,220
2011,2044
2012,401
2012,220
2012,67
2013,59
2013,1059
2013,1338
2015,1554
2015,2837
2015,2838
2016,2839
2016,1715
2016,241
2017,1570
2017,2840
2017,2841
2018,2842
2018,2843
2018,2844
2019,2845
2019,2846
2019,2847
2020,308
2020,248
2020,88
2021,2848
2021,2849
2021,2558
2022,705
2022,186
2022,2850
2023,16
2023,14
2023,1212
2024,564
2024,2851
2024,930
2025,417
2025,2852
2025,614
2026,2853
2026,2854
2026,776
2027,2422
2027,2668
2027,887
2028,1
2028,2496
2028,414
2032,677
2032,2855
2032,2856
2033,2857
2033,2858
2033,2859
2034,2476
2034,1982
2034,2544
2035,2860
2035,1732
2035,2861
2036,2862
2036,2863
2036,816
2037,295
2037,1630
2037,1678
2038,1719
2038,2864
2038,2856
2039,2865
2039,2866
2039,2867
2041,2868
2041,2156
2041,1776
2042,824
2042,2869
2042,2870
2043,2871
2043,2872
2043,425
2044,2075
2044,2873
2044,2874
2045,780
2045,2703
2045,689
2046,2875
2046,2876
2046,2877
2047,2878
2047,2879
2047,2880
2048,2881
2048,2882
2048,1791
2049,1554
2049,2883
2049,2757
2050,2884
2050,2885
2050,2886
2051,1732
2051,1715
2051,2887
2052,1426
2052,313
2052,476
2053,201
2053,2888
2053,2889
2054,201
2054,691
2054,2888
2055,1752
2055,528
2055,2890
2056,1723
2056,1606
2056,1585
2057,2891
2057,2892
2057,2893
2058,418
2058,137
2058,211
2059,2894
2059,483
2059,622
2060,2895
2060,2896
2060,2897
2061,2898
2061,2899
2061,2900
2062,537
2062,648
2062,2480
2063,2378
2063,2901
2063,2902
2064,2623
2064,2903
2064,2904
2065,469
2065,1693
2065,1706
2066,1797
2066,2905
2066,1734
2067,2906
2067,2214
2067,2907
2068,2908
2068,2909
2068,2910
2069,2911
2069,2159
2069,2912
2070,475
2070,2116
2070,2913
2071,43
2071,2492
2071,930
2072,1
2072,1700
2072,591
2073,508
2073,2429
2073,2914
2074,2915
2074,2916
2074,2917
2075,2787
2075,2918
2075,2919
2076,577
2076,479
2076,510
2077,2920
2077,265
2077,2921
2078,1095
2078,1741
2078,2922
2079,2923
2079,1731
2079,2924
2080,2925
2080,2926
2080,2927
2081,2928
2081,2929
2081,2930
2082,824
2082,588
2082,969
2083,2086
2083,2931
2083,2932
2084,133
2084,270
2084,475
2086,67
2086,2933
2086,2087
2087,2934
2087,1755
2087,2935
2088,4
2088,2027
2088,2936
2089,2937
2089,1096
2089,1084
2090,2937
2090,1096
2090,2911
2091,1583
2091,2938
2091,2939
2093,1271
2093,2940
2093,2941
2094,2354
2094,1247
2094,316
2095,1732
2095,2861
2095,2839
2096,2942
2096,2943
2096,1739
2097,2944
2097,2945
2097,2946
2099,2947
2099,2934
2099,1749
2100,1
2100,491
2100,2948
2101,2723
2101,1954
2101,2949
2104,126
2104,2950
2104,837
2105,233
2105,2951
2105,2166
2106,1490
2106,133
2106,805
2107,778
2107,2952
2107,2953
2108,13
2108,2954
2108,1518
2109,13
2109,2955
2109,2956
2110,13
2110,2957
2110,2958
2111,13
2111,459
2111,2166
2112,951
2112,560
2112,13
2113,2959
2113,2960
2113,2113
2114,2961
2114,126
2114,2962
2115,19
2115,586
2115,2963
2116,2964
2116,2965
2116,2966
2117,2967
2117,2968
2117,2969
2118,219
2118,2970
2118,1974
2119,824
2119,2971
2119,2972
2120,2004
2120,166
2120,1762
2121,2973
2121,2974
2121,2975
2122,2976
2122,1041
2122,2977
2123,1121
2123,1334
2123,2978
2124,212
2124,789
2124,220
2125,449
2125,212
2125,2979
2126,70
2126,745
2126,2159
2127,2615
2127,2980
2127,938
2128,2684
2128,2981
2128,803
2130,2007
2130,99
2130,2982
2131,1528
2131,2983
2131,2984
2132,1601
2132,2828
2132,2985
2133,71
2133,2986
2133,2865
2134,2987
2134,2988
2134,2989
2135,1560
2135,2990
2135,2991
2136,2992
2136,2993
2136,2994
2137,1533
2137,2995
2137,2996
2138,391
2138,2997
2138,2998
2139,2999
2139,1987
2139,1121
2140,3000
2140,3001
2140,3002
2141,1121
2141,1760
2141,3003
2142,1530
2142,1807
2142,1118
2143,582
2143,367
2143,284
2144,2794
2144,2987
2144,3004
2145,2794
2145,3005
2145,2087
2146,77
2146,3006
2146,544
2147,491
2147,3007
2147,937
2148,3008
2148,3009
2148,3010
2149,3011
2149,3012
2149,3013
2150,3014
2150,3015
2150,3016
2151,3016
2151,3017
2151,3018
2152,2420
2152,889
2152,2839
2153,3019
2153,3020
2153,3021
2154,11
2154,3022
2154,458
2156,1937
2156,3023
2156,3024
2158,3025
2158,3026
2158,3027
2160,469
2160,3028
2160,1999
2161,3029
2161,3030
2161,3031
2162,3032
2162,3033
2162,3034
2164,3035
2164,3036
2164,3037
2165,1383
2165,2423
2165,315
2166,1788
2166,334
2166,127
2167,56
2167,779
2167,1364
2168,1370
2168,3038
2168,1364
2169,3039
2169,3040
2169,3041
2170,34
2170,3042
2170,2989
2171,2288
2171,3043
2171,3044
2172,5
2172,3045
2172,2324
2174,213
2174,42
2174,770
2175,227
2175,175
2175,1317
2176,1530
2176,3046
2176,3047
2177,2155
2177,1700
2177,3048
2178,3049
2178,3050
2178,3051
2179,3052
2179,3053
2179,3054
2180,620
2180,1745
2180,3055
2181,2143
2181,425
2181,3056
2182,1857
2182,1983
2182,3057
2183,1530
2183,3058
2183,3059
2184,3060
2184,1216
2184,3061
2185,2769
2185,1584
2185,2045
2186,3047
2186,3062
2186,3063
2187,758
2187,1726
2187,3064
2188,2696
2188,412
2188,1272
2189,3065
2189,3066
2189,3067
2190,318
2190,1704
2190,2489
2191,1518
2191,302
2191,3068
2192,3069
2192,3070
2192,3071
2193,18
2193,881
2193,3072
2195,3073
2195,3074
2195,3075
2196,25
2196,349
2196,2489
2197,2304
2197,175
2197,3076
2198,3077
2198,3078
2198,3079
2199,272
2199,971
2199,3080
2200,1528
2200,1549
2200,3081
2201,1562
2201,3082
2201,1308
2202,3083
2202,3084
2202,1653
2203,2758
2203,1549
2203,3085
2204,2043
2204,1817
2204,3086
2205,1620
2205,3087
2205,3088
2206,1529
2206,1590
2206,3089
2207,1724
2207,3090
2207,1308
2208,3091
2208,3092
2208,1323
2209,3093
2209,3094
2209,3095
2210,3096
2210,3097
2210,3098
2211,1839
2211,1659
2211,1796
2212,3099
2212,3100
2212,2032
2216,3061
2216,3101
2216,3102
2217,3103
2217,3104
2217,3105
2219,1593
2219,3106
2219,3107
2220,3108
2220,3109
2220,3110
2221,3108
2221,3111
2221,3112
2222,3113
2222,3114
2222,3115
2223,3116
2223,3117
2223,3118
2224,3119
2224,3120
2224,3121
2225,3122
2225,3123
2225,3124
2226,3109
2226,3117
2226,3125
2228,3126
2228,3127
2228,3110
2229,3128
2229,3129
2229,3130
2230,3131
2230,3132
2230,3133
2231,2496
2231,1115
2231,2583
2232,3134
2232,1116
2232,3135
2234,3136
2234,3137
2234,3138
2235,966
2235,413
2235,3139
2236,3140
2236,495
2236,946
2237,3141
2237,542
2237,2607
2240,3142
2240,3143
2240,126
2241,3144
2241,3006
2241,544
2242,778
2242,2961
2242,494
2243,481
2243,896
2243,63
2244,3145
2244,3146
2244,271
2245,614
2245,19
2245,62
2246,820
2246,2087
2246,3147
2247,88
2247,213
2247,3148
2248,265
2248,2711
2248,1395
2249,13
2249,201
2249,271
2250,390
2250,1233
2250,3149
2251,3150
2251,271
2251,714
2252,638
2252,42
2252,218
2253,4
2253,1928
2253,271
2254,3151
2254,3152
2254,3153
2255,2070
2255,728
2255,3154
2256,3155
2256,77
2256,3156
2257,3005
2257,77
2257,3157
2259,2086
2259,3158
2259,3159
2260,824
2260,77
2260,1974
2261,265
2261,77
2261,3160
2262,3006
2262,77
2262,319
2263,77
2263,1860
2263,3161
2264,17
2264,100
2264,77
2265,610
2265,557
2265,1084
2266,77
2266,1693
2266,89
2267,77
2267,168
2267,416
2268,582
2268,210
2268,77
2269,1811
2269,77
2269,57
2270,1728
2270,616
2270,557
2271,315
2271,3162
2271,3163
2272,279
2272,1062
2272,481
2273,297
2273,118
2273,3164
2275,3165
2275,3166
2275,3167
2276,3168
2276,1364
2276,2208
2278,17
2278,640
2278,1773
2279,1335
2279,3169
2279,3170
2280,127
2280,3171
2280,385
2281,174
2281,1122
2281,3172
2282,301
2282,76
2282,2204
2283,562
2283,248
2283,767
2284,3173
2284,3174
2284,3175
2285,1965
2285,3176
2285,3177
2286,2073
2286,608
2286,1747
2287,3178
2287,3061
2287,3179
2288,677
2288,3180
2288,117
2289,580
2289,515
2289,3181
2290,144
2290,2916
2290,1575
2291,242
2291,128
2291,733
2293,33
2293,3182
2293,3183
2294,144
2294,45
2294,59
2295,2569
2295,439
2295,3184
2296,3185
2296,3186
2296,3187
2297,4
2297,903
2297,393
2298,3188
2298,1387
2298,3189
2301,35
2301,936
2301,1121
2302,46
2302,634
2302,2962
2303,492
2303,2155
2303,3190
2304,1987
2304,3191
2304,2100
2305,3192
2305,3193
2305,3194
2306,250
2306,566
2306,2358
2307,177
2307,1845
2307,480
2308,3195
2308,3196
2308,3197
2309,3198
2309,3199
2309,3200
2310,3201
2310,3202
2310,45
2311,2201
2311,849
2311,608
2312,481
2312,3203
2312,1342
2313,40
2313,391
2313,130
2314,3204
2314,951
2314,3205
2315,734
2315,2558
2315,2647
2316,173
2316,125
2316,964
2317,794
2317,439
2317,586
2318,3206
2318,1430
2318,3044
2320,114
2320,23
2320,3207
2321,2689
2321,1693
2321,41
2322,677
2322,754
2322,3208
2323,3209
2324,2049
2324,3210
2324,3211
2325,2895
2325,2897
2325,3212
2326,339
2326,189
2326,2057
2327,3213
2327,3214
2327,198
2328,676
2328,3080
2328,806
2329,1115
2329,301
2329,913
2331,63
2331,61
2331,1703
2332,3215
2332,3216
2332,3217
2333,114
2333,821
2333,3045
2334,407
2334,416
2334,32
2335,275
2335,1233
2335,3218
2336,3219
2336,3220
2336,3221
2337,685
2337,3222
2337,133
2338,2469
2338,3223
2338,3224
2339,22
2339,3225
2339,3226
2340,581
2340,40
2340,3227
2341,279
2341,1928
2341,3228
2342,3229
2342,1886
2342,3230
2344,1152
2344,3231
2344,882
2345,1152
2345,2824
2345,1114
2346,2009
2346,3232
2346,3233
2347,3231
2347,2306
2347,491
2348,474
2348,3234
2348,3235
2349,38
2349,3236
2349,2086
2350,38
2350,407
2350,3234
2351,3237
2351,3238
2351,3239
2352,966
2352,308
2352,566
2353,915
2353,59
2353,1152
2354,3240
2354,96
2354,3241
2355,137
2355,1171
2355,2336
2356,74
2356,929
2356,380
2357,3242
2357,3243
2357,3244
2358,483
2358,974
2358,3245
2359,3246
2359,3247
2359,2215
2360,3248
2360,3249
2360,3250
2361,3251
2361,3252
2361,3253
2362,3254
2362,2149
2362,3255
2363,2846
2363,3256
2363,3257
2364,3258
2364,3259
2364,3260
2365,3261
2365,3262
2365,3263
2366,3264
2366,3265
2366,3266
2367,233
2367,3267
2367,390
2368,1340
2368,1041
2368,3268
2369,1486
2369,855
2369,486
2370,26
2370,3269
2370,3270
2371,610
2371,646
2371,3271
2372,610
2372,3272
2372,203
2373,585
2373,3273
2373,3274
2374,770
2374,3275
2374,3157
2375,1
2375,1036
2375,3276
2376,3277
2376,219
2376,3278
2377,2531
2377,1106
2377,3279
2378,106
2378,888
2378,3280
2379,106
2379,3281
2379,3282
2380,106
2380,3281
2380,3282
2381,106
2381,3281
2381,3283
2382,3281
2382,3282
2382,3283
2383,3281
2383,3282
2383,3283
2384,95
2384,3240
2384,1758
2385,449
2385,266
2385,982
2387,198
2387,516
2387,764
2388,3284
2388,3285
2388,1026
2389,1788
2389,334
2389,66
2390,1769
2390,3286
2390,2086
2391,389
2391,2172
2391,39
2392,770
2392,2358
2392,2609
2393,699
2393,700
2393,701
2394,18
2394,488
2394,88
2395,3287
2395,1369
2395,3288
2396,584
2396,3289
2396,2170
2397,8
2397,3290
2397,1297
2398,3061
2398,1724
2398,3291
2400,983
2400,2886
2400,2127
2401,278
2401,3292
2401,3293
2402,65
2402,3042
2402,3294
2403,65
2403,3042
2403,710
2404,65
2404,3042
2404,3295
2405,31
2405,459
2405,61
2406,31
2406,459
2406,61
2407,1728
2407,3180
2407,3296
2408,1728
2408,3180
2408,727
2409,65
2409,1212
2409,2126
2410,65
2410,1212
2410,2126
2411,65
2411,1212
2411,2126
2412,65
2412,1212
2412,2126
2413,1868
2413,284
2413,612
2414,3297
2414,3298
2414,3299
2415,1343
2415,560
2415,1762
2416,2239
2416,2454
2416,2126
2417,279
2417,210
2417,1693
2418,1
2418,3300
2418,1552
2419,611
2419,856
2419,737
2420,2962
2420,863
2420,71
2421,863
2421,2962
2421,3301
2422,3302
2422,3303
2422,3304
2423,610
2423,913
2423,188
2424,1
2424,559
2424,21
2425,2229
2425,1935
2425,3305
2426,302
2426,74
2426,424
2427,3306
2427,100
2427,583
2428,3307
2428,3308
2428,3309
2429,389
2429,1771
2429,523
2430,3310
2430,3311
2430,3265
2431,4
2431,3312
2431,2607
2432,247
2432,99
2432,166
2433,254
2433,475
2433,1698
2434,737
2434,224
2434,3313
2435,100
2435,137
2435,139
2436,959
2436,2467
2436,871
2437,3314
2437,260
2437,1317
2438,2544
2438,1443
2438,839
2439,583
2439,3315
2439,3316
2440,676
2440,614
2440,1398
2441,3141
2441,57
2441,328
2442,2168
2442,723
2442,1686
2443,3317
2443,129
2443,425
2445,18
2445,145
2445,1834
2446,32
2446,119
2446,3318
2447,3319
2447,1152
2447,2617
2448,778
2448,542
2448,189
2449,2991
2449,2210
2449,3320
2450,2044
2450,2259
2450,580
2451,779
2451,3321
2451,3322
2453,2866
2453,3323
2453,1762
2454,3324
2454,3325
2454,2881
2455,566
2455,42
2455,3326
2456,193
2456,3327
2456,3328
2457,936
2457,561
2457,3329
2458,1084
2458,559
2458,2948
2460,510
2460,3330
2460,3331
2461,3332
2461,3333
2461,3334
2463,1426
2463,61
2463,680
2464,3335
2464,3336
2464,3337
2465,3338
2465,747
2465,3339
2466,437
2466,3340
2466,3341
2467,425
2467,198
2467,3342
2468,458
2468,3343
2468,3344
2469,459
2469,70
2469,3345
2470,912
2470,709
2470,3346
2471,912
2471,709
2471,3346
2472,2007
2472,1734
2472,1297
2473,2961
2473,3347
2473,3011
2474,620
2474,582
2474,179
2475,2201
2475,9
2475,3348
2476,278
2476,1859
2476,500
2477,3349
2477,2226
2477,3350
2478,13
2478,610
2478,15
2479,45
2479,3351
2479,462
2480,1004
2480,2182
2480,3352
2481,3353
2481,3354
2481,3355
2482,1829
2482,285
2482,3356
2483,3357
2483,3358
2483,3359
2485,3223
2485,726
2485,450
2487,3360
2487,3361
2487,3362
2488,3363
2488,3364
2488,3365
2489,3366
2489,3367
2489,3368
2490,131
2490,3369
2490,3162
2491,2470
2491,68
2491,1363
2492,3370
2492,3371
2492,3372
2493,3373
2493,3374
2493,3375
2494,3376
2494,3377
2494,3378
2496,821
2496,108
2496,219
2497,508
2497,744
2497,620
2498,220
2498,1693
2498,1687
2499,3379
2499,550
2500,420
2500,3170
2500,3380
2501,3381
2501,1362
2501,904
2502,3382
2502,1394
2502,3383
2503,3384
2503,3385
2503,3386
2504,2461
2504,3387
2504,2564
2505,70
2505,127
2505,975
2506,188
2506,14
2506,2980
2507,416
2507,583
2507,514
2508,3388
2508,3389
2508,3390
2509,3391
2509,3392
2509,3393
2510,3394
2510,3395
2510,3396
2511,2075
2511,3397
2511,2199
2513,3398
2513,545
2513,3399
2514,301
2514,3400
2514,2053
2517,3401
2517,2089
2517,1492
2518,3218
2518,770
2518,1036
2520,2007
2520,3402
2520,769
2521,2010
2521,2155
2521,769
2522,8
2522,3403
2522,1549
2523,2985
2523,3404
2523,3405
2524,620
2524,2035
2524,1058
2525,2544
2525,3406
2525,3407
2526,425
2526,1813
2526,2045
2527,3408
2527,3409
2527,667
2528,369
2528,2111
2528,3410
2529,2010
2529,1754
2529,1838
2530,3411
2530,1838
2530,3412
2531,1754
2531,3413
2531,3414
2532,1754
2532,3415
2532,3416
2533,1754
2533,1838
2533,3417
2534,1624
2534,469
2534,2544
2535,2010
2535,3418
2535,769
2536,1162
2536,3419
2536,3420
2537,2086
2537,164
2537,3421
2538,3422
2538,3423
2538,3424
2539,17
2539,561
2539,2322
2540,1979
2540,1169
2540,3425
2541,2470
2541,2696
2541,780
2543,3426
2543,3213
2543,2389
2544,386
2544,3427
2544,2901
2545,3428
2545,734
2545,3429
2546,88
2546,2575
2546,458
2547,3430
2547,3431
2547,3432
2548,3433
2548,857
2548,3434
2549,3223
2549,450
2549,2257
2550,1627
2550,3435
2550,3436
2551,417
2551,1422
2551,3437
2552,3438
2552,3439
2552,3440
2553,1585
2553,3441
2553,3442
2555,459
2555,220
2555,888
2556,2672
2556,2469
2556,3443
2557,3444
2557,3445
2557,3446
2558,173
2558,2461
2558,2289
2559,706
2559,3447
2559,3448
2560,730
2560,649
2560,794
2561,278
2561,1136
2561,3449
2562,1474
2562,3450
2562,3451
2563,2430
2563,3452
2563,124
2565,3408
2565,1596
2565,3453
2566,3454
2566,3455
2566,3456
2567,859
2567,2654
2567,3457
2568,1772
2568,746
2568,2980
2569,899
2569,723
2569,3458
2570,1339
2570,1384
2570,3459
2571,3460
2571,73
2571,3461
2572,3462
2572,3463
2572,214
2573,3464
2573,3465
2573,3466
2574,13
2574,1425
2574,1807
2575,1524
2575,3467
2575,524
2576,1090
2576,3468
2576,2182
2577,133
2577,3469
2577,2168
2578,3470
2578,3471
2578,3472
2579,3473
2579,3474
2579,3475
2580,2533
2580,2422
2580,3476
2581,449
2581,794
2581,3477
2582,297
2582,1324
2582,3478
2583,308
2583,66
2583,1337
2584,716
2584,2690
2584,3479
2587,250
2587,819
2587,3480
2589,177
2589,1452
2589,3481
2590,48
2590,3482
2590,3483
2591,1849
2591,3484
2591,3485
2592,558
2592,1364
2592,3486
2593,2049
2593,3487
2593,3210
2594,3488
2594,3489
2594,3490
2595,3491
2595,3492
2595,3493
2596,450
2596,3494
2596,1114
2597,240
2597,2304
2597,3495
2598,265
2598,2172
2598,3219
2599,761
2599,780
2599,3496
2600,260
2600,152
2600,2532
2601,2170
2601,3497
2601,2298
2603,3498
2603,3499
2603,3500
2604,3501
2604,3502
2604,3503
2605,425
2605,2109
2605,2267
2606,2411
2606,3504
2606,3202
2607,3505
2607,3506
2607,3507
2608,387
2608,3508
2608,1307
2610,3509
2610,3510
2610,3511
2612,1587
2612,3512
2612,3513
2613,1824
2613,3514
2613,3515
2614,3514
2614,3516
2614,3517
2615,2089
2615,3518
2615,3519
2616,604
2616,855
2616,16
2617,821
2617,1437
2617,1691
2618,3520
2618,3521
2618,3522
2619,2711
2619,599
2619,2396
2620,486
2620,870
2620,355
2621,3523
2621,3524
2621,3525
2622,560
2622,88
2622,1282
2623,3526
2623,3527
2623,3528
2624,3529
2624,3530
2624,3531
2625,3532
2625,3533
2625,3534
2626,3535
2626,3536
2626,3537
2627,3538
2627,3539
2627,3540
2628,685
2628,300
2628,641
2629,586
2629,3039
2629,2443
2630,245
2630,121
2630,3541
2631,3542
2631,3543
2631,3544
2632,3545
2632,3546
2632,3547
2633,2148
2633,3548
2633,3549
2634,3550
2634,2938
2634,3551
2635,3552
2635,3553
2635,3554
2636,3552
2636,3555
2636,3556
2637,3557
2637,3558
2637,1900
2638,3552
2638,3557
2638,3559
2639,237
2639,3560
2639,3561
2640,1469
2640,59
2640,708
2641,59
2641,708
2641,2128
2642,708
2642,3562
2642,2128
2643,708
2643,59
2643,2128
2644,2149
2644,3563
2644,3549
2645,3550
2645,2938
2645,3564
2646,3565
2646,3555
2646,3552
2647,2148
2647,3552
2647,3566
2648,2154
2648,3567
2648,3568
2649,1611
2649,2148
2649,2149
2650,3089
2650,3552
2650,1057
2651,3552
2651,3569
2651,3570
2652,3550
2652,3571
2652,3572
2653,3552
2653,3573
2653,3574
2654,1594
2654,3575
2654,1057
2655,2938
2655,3576
2655,3577
2656,3578
2656,3579
2656,3580
2657,284
2657,99
2657,3581
2658,3582
2658,3583
2658,3584
2659,557
2659,1084
2659,1251
2660,3585
2660,3586
2660,3587
2661,1310
2661,3588
2661,3589
2662,3590
2662,3591
2662,3592
2663,3585
2663,3593
2663,3594
2664,3595
2664,3596
2664,3597
2666,3598
2666,3599
2666,1863
2667,3578
2667,3600
2667,3601
2668,1607
2668,1861
2668,3602
2669,1562
2669,3603
2669,3604
2670,1545
2670,2007
2670,3074
2671,383
2671,247
2671,3605
2672,2666
2672,1128
2672,2583
2673,1970
2673,3606
2673,3607
2675,756
2675,3608
2675,3489
2676,40
2676,903
2676,542
2677,3609
2677,3610
2677,3611
2680,3426
2680,3612
2680,3613
2681,3614
2681,3615
2681,2190
2682,606
2682,179
2682,3616
2683,970
2683,1789
2683,369
2685,3617
2685,3618
2685,3619
2686,1026
2686,3620
2686,3621
2687,470
2687,537
2687,3622
2688,254
2688,825
2688,94
2689,458
2689,1426
2689,4
2690,1282
2690,66
2690,3623
2691,50
2691,1336
2691,3624
2692,3625
2692,3626
2692,3627
2693,545
2693,3628
2693,3629
2694,275
2694,2462
2694,3630
2695,3631
2695,3632
2695,3633
2695,3634
2699,1693
2699,72
2699,335
2701,915
2701,560
2701,74
2702,497
2702,2389
2702,145
2703,947
2703,857
2703,3635
2704,661
2704,3636
2704,3637
2705,3638
2705,1849
2705,3639
2706,3640
2706,3641
2706,587
2707,233
2707,580
2707,271
2709,2931
2709,2932
2709,3642
2710,3643
2710,3644
2710,3645
2711,3646
2711,707
2711,75
2712,582
2712,125
2712,3647
2713,39
2713,270
2713,2569
2714,3648
2714,746
2714,3649
2715,669
2715,412
2715,2388
2716,1369
2716,557
2716,62
2717,1369
2717,557
2717,62
2718,5
2718,2499
2718,513
2719,300
2719,2109
2719,267
2720,761
2720,1282
2720,3650
2721,3651
2721,3652
2721,3653
2722,2388
2722,2257
2722,418
2723,315
2723,771
2723,1081
2724,247
2724,426
2724,271
2725,3654
2725,3655
2725,3656
2726,2199
2726,3657
2726,3658
2727,3659
2727,3660
2727,3661
2728,1734
2728,1589
2728,1032
2729,1553
2729,1338
2729,3662
2730,1175
2730,3663
2730,1966
2731,3664
2731,3665
2731,3666
2733,3667
2733,566
2733,3668
2734,19
2734,608
2734,2030
2735,250
2735,3669
2735,1079
2736,804
2736,1823
2736,3670
2737,3671
2737,3672
2737,3673
2738,14
2738,390
2738,1343
2739,951
2739,458
2739,3204
2741,426
2741,875
2741,576
2742,1003
2742,3487
2742,1004
2743,3674
2743,126
2743,92
2744,3675
2744,3676
2744,3677
2745,17
2745,417
2745,3678
2746,201
2746,1491
2746,3679
2747,3680
2747,3681
2747,3682
2749,1194
2749,233
2749,789
2750,469
2750,733
2750,3683
2751,2429
2751,457
2751,391
2752,1036
2752,1426
2752,274
2753,106
2753,92
2753,386
2755,401
2755,357
2755,3684
2756,3685
2756,2560
2756,3686
2757,390
2757,1253
2757,3687
2758,279
2758,120
2758,3688
2759,5
2759,3689
2759,3690
2760,1928
2760,3691
2760,1506
2761,3692
2761,2693
2761,1394
2762,416
2762,1505
2762,722
2763,28
2763,60
2763,174
2764,2035
2764,237
2764,3693
2765,3694
2765,3695
2765,3696
2766,3697
2766,3698
2766,1478
2767,3699
2767,3700
2767,3701
2770,13
2770,250
2770,1789
2771,1772
2771,1277
2771,270
2772,301
2772,3702
2772,3703
2773,661
2773,3704
2773,3638
2774,681
2774,3705
2774,3706
2775,3707
2775,3708
2775,3709
2777,3710
2777,3127
2777,3711
2778,882
2778,51
2778,463
2779,604
2779,2214
2779,1553
2780,2881
2780,2032
2780,2148
2781,2881
2781,3712
2781,3713
2782,2881
2782,3714
2782,3715
2784,2881
2784,3571
2784,3716
2785,2881
2785,3717
2785,3718
2786,2055
2786,3719
2786,1121
2787,449
2787,676
2787,3720
2788,1807
2788,1809
2788,1808
2789,1058
2789,3403
2789,3721
2790,120
2790,3722
2790,3723
2791,3724
2791,1480
2791,34
2792,3724
2792,1480
2792,887
2793,3039
2793,526
2793,3725
2794,610
2794,913
2794,3726
2795,610
2795,913
2795,3727
2796,610
2796,3728
2796,3729
2797,1
2797,457
2797,3730
2798,3731
2798,3732
2798,3074
2799,3732
2799,3731
2799,3074
2801,488
2801,3219
2801,80
2802,131
2802,88
2802,677
2803,247
2803,407
2803,775
2804,3733
2804,3734
2804,528
2805,383
2805,509
2805,870
2806,608
2806,3735
2806,2854
2807,25
2807,2418
2807,3736
2808,25
2808,435
2808,1402
2809,3737
2809,529
2809,2464
2810,3738
2810,3739
2810,3740
2811,3741
2811,606
2811,2953
2812,3742
2812,3743
2812,3744
2813,242
2813,403
2813,510
2814,2881
2814,3745
2814,3746
2815,2226
2815,3747
2815,3748
2816,2226
2816,3749
2816,3750
2817,2226
2817,3751
2817,1956
2819,1811
2819,237
2819,3752
2820,3753
2820,3754
2820,3755
2821,3756
2821,3757
2821,3758
2822,425
2822,381
2822,3759
2823,3760
2823,3761
2823,3762
2824,3763
2824,3764
2824,3765
2825,3766
2825,3767
2825,3768
2826,51
2826,3769
2826,3770
2827,1771
2827,242
2827,717
2828,821
2828,313
2828,642
2829,896
2829,45
2829,501
2830,3771
2830,3772
2830,3773
2831,3074
2831,3774
2831,3775
2832,652
2832,974
2832,522
2833,3776
2833,652
2833,3777
2834,3289
2834,2607
2834,2559
2835,903
2835,2262
2835,3279
2836,3486
2836,3778
2836,213
2838,2535
2838,2143
2838,82
2839,3779
2839,3780
2839,3781
2840,328
2840,138
2840,97
2841,3782
2841,37
2841,2869
2842,3783
2842,780
2842,2833
2843,3784
2843,3785
2843,3786
2844,267
2844,3787
2844,2173
2846,3788
2846,3789
2846,3790
2847,1529
2847,1635
2847,3791
2849,37
2849,273
2849,248
2850,3792
2850,3793
2850,3794
2852,3795
2852,3796
2852,3797
2853,3798
2853,3799
2853,3800
2854,3801
2854,3802
2854,3803
2855,3804
2855,3805
2855,3806
2856,1587
2856,2766
2856,3807
2857,3808
2857,3809
2857,3810
2858,137
2858,32
2858,1397
2859,3811
2859,3812
2859,3813
2860,819
2860,266
2860,1696
2861,508
2861,2358
2861,1239
2863,3814
2863,3808
2863,3809
2864,3815
2864,421
2864,1200
2865,3816
2865,3817
2865,3818
2866,546
2866,3819
2866,2884
2867,981
2867,3820
2867,3821
2869,386
2869,652
2869,3822
2870,1811
2870,1194
2870,1548
2871,1152
2871,1334
2871,366
2872,3823
2872,608
2872,3824
2873,186
2873,145
2873,3825
2874,3058
2874,3826
2874,3827
2875,426
2875,295
2875,3828
2876,2928
2876,3829
2876,3830
2877,3831
2877,9
2877,2156
2878,2827
2878,3832
2878,2807
2881,946
2881,394
2881,543
2882,4
2882,3833
2882,3834
2883,3835
2883,2288
2883,453
2884,484
2884,266
2884,3815
2885,2533
2885,1829
2885,3836
2886,3837
2886,1954
2886,1370
2887,2305
2887,3838
2887,3839
2888,3840
2888,3697
2888,3343
2889,654
2889,1334
2889,2548
2890,187
2890,1169
2890,184
2891,462
2891,2981
2891,1081
2892,219
2892,705
2892,2584
2893,649
2893,428
2893,1481
2894,3841
2894,3842
2894,2902
2895,31
2895,295
2895,3843
2896,1058
2896,3405
2896,3844
2898,252
2898,2101
2898,850
2899,3845
2899,3846
2899,3847
2900,3848
2900,3849
2900,3850
2901,3851
2901,3852
2901,3853
2902,1982
2902,1983
2902,837
2903,1982
2903,3560
2903,1763
2904,1587
2904,2017
2904,3854
2905,2845
2905,1976
2905,3258
2906,19
2906,231
2906,973
2907,3855
2907,3186
2907,3856
2908,927
2908,442
2908,3857
2909,3858
2909,3859
2909,3860
2911,3861
2911,3862
2911,3863
2912,731
2912,460
2912,3864
2914,71
2914,2423
2914,3865
2915,582
2915,882
2915,1484
2916,585
2916,45
2916,928
2917,481
2917,459
2917,3042
2918,761
2918,3866
2918,367
2919,131
2919,62
2919,132
2920,3867
2920,3868
2920,3869
2924,3870
2924,3871
2924,3872
2925,659
2925,1254
2925,3873
2926,3874
2926,3875
2926,3251
2928,1369
2928,3876
2928,3877
2929,604
2929,14
2929,773
2930,3878
2930,3879
2930,3880
2932,426
2932,2970
2932,775
2933,1163
2933,3881
2933,3882
2935,1642
2935,1857
2935,3883
2937,1546
2937,1591
2937,1558
2938,3884
2938,3885
2938,3886
2939,1555
2939,1549
2939,3887
2940,3791
2940,3888
2940,3889
2941,3722
2941,3890
2941,3715
2942,415
2942,3891
2942,3892
2943,395
2943,1440
2943,3893
2944,3894
2944,1059
2944,3671
2945,562
2945,3895
2945,3896
2946,3814
2946,3808
2946,3809
2947,425
2947,3897
2947,3019
2948,425
2948,1998
2948,3898
2949,425
2949,3899
2949,2924
2950,3900
2950,3901
2950,3902
2951,278
2951,3903
2951,3904
2953,772
2953,46
2953,516
2954,3905
2954,3906
2954,3907
2955,3905
2955,3908
2955,3909
2956,966
2956,564
2956,381
2957,3910
2957,3911
2957,3912
2958,3913
2958,3914
2958,2725
2959,1115
2959,581
2959,2670
2961,416
2961,88
2961,3915
2962,3646
2962,3916
2962,3917
2963,3918
2963,3919
2963,3920
2964,1365
2964,3921
2964,442
2965,2498
2965,369
2965,3922
2966,3923
2966,1343
2966,3924
2967,3925
2967,3926
2967,3927
2968,425
2968,2027
2968,1807
2969,3928
2969,659
2969,3929
2970,3930
2970,3931
2970,3932
2971,2201
2971,390
2971,3933
2973,558
2973,144
2973,3934
2974,1151
2974,436
2974,682
2975,3022
2975,185
2975,3935
2976,70
2976,328
2976,335
2977,614
2977,211
2977,3936
2978,1272
2978,2261
2978,548
2979,3937
2979,3938
2979,3939
2981,3940
2981,3941
2981,3942
2982,3943
2982,3944
2982,3945
2983,2086
2983,3946
2983,3947
2984,2035
2984,3948
2984,3949
2985,204
2985,939
2985,3950
2986,204
2986,939
2986,3951
2988,3952
2988,3953
2988,3954
2989,3277
2989,3776
2989,3955
2990,2255
2990,3945
2990,3956
2991,3277
2991,3957
2991,2067
2992,3958
2992,3959
2992,310
2993,425
2993,3960
2993,3961
2994,3962
2994,3963
2994,3964
2994,3965
2996,279
2996,2886
2996,3966
2997,265
2997,764
2997,3967
2999,3968
2999,3969
2999,3970
3001,3971
3001,3972
3001,2666
3002,3973
3002,3930
3002,3931
3003,3974
3003,3975
3003,3976
3004,448
3004,1062
3004,3075
3005,407
3005,429
3005,1703
3006,16
3006,654
3006,1760
3007,3977
3007,3978
3007,3979
3008,555
3008,719
3008,931
3010,3980
3010,3981
3010,3982
3011,1194
3011,3983
3011,2235
3012,3984
3012,3985
3012,3986
3013,533
3013,3987
3013,3988
3014,3562
3014,3989
3014,3990
3015,31
3015,3604
3015,1422
3016,3272
3016,34
3016,1861
3017,769
3017,3991
3017,3992
3018,533
3018,3987
3018,534
3019,126
3019,512
3019,3993
3020,31
3020,475
3020,2208
3021,1989
3021,3994
3021,3995
3023,3910
3023,2738
3023,3996
3024,3417
3024,3997
3024,3595
3025,3402
3025,2763
3025,1539
3026,3998
3026,3999
3026,4000
3028,1601
3028,2828
3028,4001
3029,65
3029,967
3029,4002
3030,2845
3030,4003
3030,1976
3031,34
3031,2827
3031,366
3032,2010
3032,4004
3032,4005
3033,35
3033,1084
3033,201
3034,4006
3034,1095
3034,4007
3035,1857
3035,1675
3035,1623
3036,500
3036,82
3036,4008
3037,638
3037,237
3037,4009
3038,4010
3038,1540
3038,4011
3039,250
3039,557
3039,1057
3040,1369
3040,4012
3040,4013
3041,4014
3041,4015
3041,4016
3043,2031
3043,4017
3043,4018
3044,74
3044,47
3044,218
3045,4019
3045,3314
3045,47
3046,4020
3046,4021
3046,4022
3047,4023
3047,4024
3047,4025
3048,610
3048,591
3048,4026
3049,2868
3049,3814
3049,4027
3050,4028
3050,1392
3050,4029
3051,99
3051,641
3051,4030
3052,2461
3052,2496
3052,273
3053,2337
3053,248
3053,4031
3054,3739
3054,4032
3054,4033
3055,38
3055,4034
3055,4035
3056,2289
3056,2389
3056,4036
3058,2148
3058,4037
3058,4038
3060,4039
3060,4040
3060,1300
3061,2759
3061,1537
3061,4041
3062,1655
3062,1060
3062,2828
3063,449
3063,4042
3063,1974
3066,1961
3066,4043
3066,3953
3067,1514
3067,51
3067,4044
3068,620
3068,2916
3068,3074
3069,4045
3069,4046
3069,4047
3072,1174
3072,70
3072,2594
3073,1601
3073,2828
3073,1552
3074,1811
3074,4048
3074,4049
3075,395
3075,3021
3075,4050
3076,8
3076,1216
3076,4051
3077,4052
3077,4053
3077,4054
3078,2389
3078,4055
3078,563
3079,2298
3079,428
3079,3783
3080,1177
3080,4056
3080,4057
3081,242
3081,76
3081,706
3082,28
3082,2304
3082,649
3083,4058
3083,1098
3083,4059
3085,4060
3085,4061
3085,4062
3086,4063
3086,4064
3086,4065
3087,1369
3087,1955
3087,3060
3088,1530
3088,1900
3088,4066
3090,1362
3090,112
3090,835
3091,1976
3091,4067
3091,4068
3092,4069
3092,4070
3092,2845
3093,604
3093,2214
3093,2930
3094,4071
3094,383
3094,609
3095,1857
3095,4072
3095,3555
3096,4073
3096,1630
3096,1598
3097,4074
3097,1530
3097,1569
3098,1811
3098,475
3098,308
3099,604
3099,2214
3099,1425
3100,91
3100,581
3100,1974
3101,31
3101,308
3101,735
3102,233
3102,308
3102,274
3103,1194
3103,17
3103,2206
3104,17
3104,3267
3104,3957
3105,17
3105,4
3105,4075
3106,483
3106,2500
3106,688
3107,677
3107,189
3107,17
3108,233
3108,4
3108,4076
3109,131
3109,1343
3109,4077
3110,390
3110,775
3110,3180
3111,164
3111,163
3111,166
3112,1343
3112,130
3112,4078
3113,585
3113,138
3113,1270
3114,1
3114,2
3114,271
3115,17
3115,3044
3115,3345
3116,2257
3116,3353
3116,4079
3117,2689
3117,2262
3117,4080
3118,4081
3118,4082
3118,151
3119,3960
3119,4083
3119,4084
3120,250
3120,969
3120,4085
3121,4086
3121,4087
3121,4088
3122,1321
3122,1610
3122,1626
3124,212
3124,4089
3124,4090
3125,488
3125,1829
3125,66
3126,1596
3126,1670
3126,1730
3127,48
3127,186
3127,4091
3128,62
3128,66
3128,4092
3129,100
3129,4093
3129,144
3130,1
3130,416
3130,614
3131,4094
3131,4095
3131,4096
3132,3910
3132,4097
3132,4098
3133,3984
3133,4099
3133,4100
3134,4101
3134,4102
3134,4103
3135,475
3135,804
3135,632
3136,3056
3136,1625
3136,4104
3137,1562
3137,3277
3137,1630
3138,4105
3138,295
3138,4106
3139,4107
3139,4108
3139,4109
3141,210
3141,186
3141,837
3142,4110
3142,4111
3142,4112
3143,3894
3143,2845
3144,3058
3144,2142
3144,4113
3146,349
3146,1221
3146,716
3147,1
3147,4114
3147,211
3148,2689
3148,1771
3148,404
3149,1734
3149,2065
3149,557
3150,2639
3150,4115
3150,4116
3151,1680
3151,4117
3151,4118
3152,3404
3152,233
3152,296
3153,4119
3153,4120
3153,4121
3154,1675
3154,3096
3154,4122
3155,295
3155,1979
3155,2506
3156,4
3156,422
3156,120
3157,401
3157,42
3157,4019
3159,4123
3159,13
3159,4124
3160,582
3160,3953
3160,66
3161,488
3161,1337
3161,4125
3162,583
3162,233
3162,45
3163,1029
3163,4126
3163,4127
3165,56
3165,510
3165,743
3166,3900
3166,2255
3166,4128
3167,210
3167,4129
3167,4130
3168,460
3168,510
3168,210
3170,4131
3170,4132
3170,4133
3172,4134
3172,1734
3172,507
3173,16
3173,483
3173,764
3174,53
3174,61
3174,4135
3175,2
3175,62
3175,384
3176,2496
3176,584
3176,260
3178,407
3178,4136
3178,2307
3179,2168
3179,649
3179,4137
3180,57
3180,51
3180,743
3181,40
3181,390
3181,4138
3182,4139
3182,4140
3182,4141
3183,4142
3183,4143
3183,4144
3184,1391
3184,439
3184,1270
3185,525
3185,2004
3185,2626
3186,128
3186,429
3186,3308
3187,4145
3187,4146
3187,4147
3188,4148
3188,4149
3188,7
3190,678
3190,2672
3190,1270
3191,1685
3191,4150
3191,4151
3192,4152
3192,4153
3192,4154
3193,4155
3193,4156
3193,4157
3194,2167
3194,1811
3194,3417
3195,3910
3195,4158
3195,4159
3196,1058
3196,4160
3196,4161
3197,425
3197,4105
3197,559
3198,2035
3198,638
3198,4162
3199,3791
3199,2040
3199,1541
3200,210
3200,1070
3200,4163
3201,210
3201,2155
3201,4164
3203,125
3203,120
3203,2535
3204,1562
3204,1589
3204,1553
3205,3714
3205,4165
3205,4166
3206,2957
3206,233
3206,676
3207,1562
3207,4167
3207,3418
3208,824
3208,418
3208,1430
3209,3791
3209,3888
3209,4168
3210,100
3210,152
3210,680
3211,279
3211,120
3211,4169
3212,2985
3212,3232
3212,2155
3213,4170
3213,556
3213,4030
3214,508
3214,4171
3214,3347
3215,237
3215,4172
3215,3403
3217,4173
3217,2762
3217,1679
3218,4174
3218,4175
3218,4176
3219,614
3219,43
3219,770
3220,510
3220,4177
3220,4178
3221,872
3221,4179
3221,2721
3222,4180
3222,3675
3222,4181
3223,4182
3223,4183
3223,4184
3224,4185
3224,4186
3224,4187
3225,3223
3225,3463
3225,4188
3228,314
3228,4189
3228,4190
3230,1152
3230,2476
3230,4191
3231,4192
3231,4193
3231,4194
3232,3984
3232,4195
3232,4196
3233,4197
3233,3045
3233,369
3235,1812
3235,1369
3235,4198
3236,4199
3236,4200
3236,883
3237,4201
3238,685
3238,946
3238,4202
3239,1426
3239,365
3239,964
3240,4203
3240,4204
3240,4205
3241,4206
3241,4207
3241,4208
3243,949
3243,821
3243,176
3244,167
3244,1859
3244,4209
3245,4210
3245,4211
3245,4212
3246,407
3246,11
3246,404
3247,458
3247,959
3247,186
3248,458
3248,476
3248,4213
3249,393
3249,882
3249,664
3250,525
3250,4214
3250,192
3251,1194
3251,130
3251,837
3252,16
3252,448
3252,816
3253,970
3253,847
3253,3006
3254,970
3254,847
3254,219
3255,1
3255,42
3255,696
3256,19
3256,29
3256,735
3257,508
3257,10
3257,4215
3258,279
3258,416
3258,1425
3259,582
3259,125
3259,4216
3260,40
3260,47
3260,1317
3261,39
3261,767
3261,1391
3262,806
3262,3602
3262,4217
3263,56
3263,57
3263,753
3264,747
3264,542
3264,2876
3265,1979
3265,323
3265,4218
3266,4219
3266,4220
3266,4221
3268,65
3268,4222
3268,2824
3269,131
3269,778
3269,718
3270,656
3270,493
3270,4223
3271,248
3271,745
3271,2936
3272,186
3272,4224
3272,4225
3273,794
3273,1272
3273,727
3274,39
3274,152
3274,431
3275,705
3275,68
3275,3426
3276,300
3276,173
3276,2569
3277,4226
3277,4227
3277,4228
3278,4229
3278,4230
3278,4231
3279,4232
3279,4233
3279,4234
3279,4235
3280,4236
3280,3063
3280,4237
3281,4238
3281,4239
3281,4240
3282,4241
3282,609
3282,4242
3283,357
3283,4243
3283,4244
3284,1232
3284,4045
3284,4245
3285,380
3285,2100
3285,4246
3286,841
3286,4247
3286,3836
3287,1792
3287,4248
3287,4249
3288,515
3288,4250
3288,4071
3289,4251
3289,4252
3289,4253
3290,4254
3290,4255
3290,4256
3291,4257
3291,4258
3291,2692
3292,4259
3292,1661
3292,4260
3293,2100
3293,4261
3293,4262
3294,4263
3294,4264
3294,4265
3295,4266
3295,4267
3295,4268
3296,2209
3296,4269
3296,4270
3298,2980
3298,4271
3298,185
3299,559
3299,14
3299,2322
3300,2705
3300,2316
3300,4271
3301,416
3301,2261
3301,1486
3302,4272
3302,4273
3302,4274
3304,3562
3304,186
3304,3957
3305,3555
3305,4275
3305,4276
3306,2059
3306,4277
3306,4278
3307,2059
3307,4279
3307,4280
3308,126
3308,4281
3308,4282
3310,2059
3310,4283
3310,4284
3311,1530
3311,4285
3311,4286
3313,2823
3313,803
3313,4287
3314,1734
3314,4288
3314,4289
3315,1630
3315,4290
3315,4291
3316,2461
3316,745
3316,1771
3317,31
3317,2689
3317,399
3319,4292
3319,4293
3319,4294
3320,4295
3320,4296
3320,4297
3322,1433
3322,4298
3322,4299
3323,2981
3323,412
3323,566
3324,61
3324,1426
3324,1272
3325,855
3325,1282
3325,4300
3326,4301
3326,32
3326,335
3328,1392
3328,2102
3328,4302
3329,4303
3329,4304
3329,1242
3330,1813
3330,604
3330,2971
3331,4305
3331,4306
3331,3595
3332,4307
3332,4308
3332,4309
3333,4310
3333,2235
3333,4311
3334,1556
3334,2835
3334,2065
3335,3255
3335,1268
3335,4312
3338,4313
3338,4314
3338,4315
3339,1371
3339,2476
3339,1553
3341,4316
3341,1058
3341,2765
3342,43
3342,70
3342,4317
3343,882
3343,4214
3343,44
3344,4318
3344,4319
3344,4320
3346,4321
3346,4322
3346,4323
3347,2884
3347,710
3347,4324
3349,2768
3349,4325
3349,4326
3350,2209
3350,4327
3350,4328
3351,4320
3351,4318
3351,4329
3352,850
3352,4330
3352,4331
3354,580
3354,745
3354,2268
3356,4332
3356,3502
3356,4333
3357,521
3357,4334
3357,395
3358,896
3358,279
3358,3604
3359,4335
3359,483
3359,516
3360,59
3360,2208
3360,510
3361,508
3361,99
3361,580
3362,16
3362,2036
3362,4336
3363,167
3363,4337
3363,3952
3364,2199
3364,4338
3364,1729
3365,1655
3365,4339
3365,1983
3367,1058
3367,3752
3367,3658
3368,1562
3368,2763
3368,4340
3369,4101
3369,1162
3369,4341
3370,562
3370,966
3370,2159
3371,4342
3371,4343
3371,3734
3372,2985
3372,4344
3372,2728
3373,2209
3373,511
3373,4328
3375,4345
3375,4346
3375,4347
3377,4348
3377,2878
3377,2756
3378,248
3378,1128
3378,4349
3379,1562
3379,3418
3379,1537
3380,2766
3380,4350
3380,3601
3381,4351
3381,4352
3381,4353
3382,4354
3382,4355
3382,4356
3383,4354
3383,4355
3383,4357
3384,7
3384,1998
3384,1961
3385,1
3385,1084
3385,4358
3386,508
3386,474
3386,8
3387,1084
3387,2259
3387,4359
3388,849
3388,3734
3388,4360
3389,3341
3389,4361
3389,4362
3390,100
3390,855
3390,1956
3391,855
3391,4363
3391,4364
3392,279
3392,504
3392,2455
3393,4365
3393,1028
3393,1150
3394,875
3394,416
3394,774
3395,233
3395,875
3395,3604
3396,3000
3396,3002
3396,4366
3397,3000
3397,3002
3397,2931
3398,3000
3398,3002
3398,2931
3400,335
3400,4367
3400,4368
3401,4369
3401,728
3401,4370
3402,4371
3402,485
3402,3436
3403,3953
3403,3410
3403,1712
3404,1616
3404,1642
3404,3420
3405,4372
3405,4373
3405,4374
3406,1562
3406,4375
3406,4376
3408,247
3408,514
3408,4377
3409,2411
3409,4378
3409,4379
3410,4380
3410,4381
3410,4382
3411,4383
3411,4384
3411,4385
3412,4386
3412,4387
3412,4388
3413,4348
3413,4389
3413,3883
3414,1058
3414,4390
3414,4391
3417,2007
3417,4392
3417,4393
3418,99
3418,42
3418,186
3419,1753
3419,369
3419,872
3420,16
3420,3074
3420,3060
3421,93
3421,4394
3421,4395
3422,4396
3422,4397
3422,4398
3423,73
3423,482
3423,2343
3424,1706
3424,1783
3424,4328
3425,407
3425,1137
3425,56
3426,56
3426,393
3426,1137
3427,278
3427,1962
3427,1714
3428,1152
3428,237
3428,4399
3430,3671
3430,4400
3430,3679
3431,3671
3431,3672
3431,3679
3432,3671
3432,4401
3432,4402
3433,3671
3433,4403
3433,4404
3435,1554
3435,1642
3435,2835
3436,247
3436,767
3436,669
3437,4405
3437,4406
3437,4407
3438,4408
3438,467
3438,4409
3439,4410
3439,2166
3439,4411
3440,467
3440,4410
3440,551
3441,494
3441,2961
3441,2044
3442,377
3442,4412
3442,348
3443,4413
3443,4414
3443,4415
3444,25
3444,4416
3444,4417
3445,237
3445,394
3445,2558
3446,2992
3446,2569
3446,4418
3447,1647
3447,2753
3447,1547
3448,4
3448,1392
3448,4419
3449,14
3449,300
3449,3953
3450,8
3450,7
3450,9
3451,1599
3451,2209
3451,605
3452,3532
3452,4420
3452,1136
3453,3641
3453,3168
3453,2952
3454,4421
3454,4422
3454,4423
3455,2216
3455,732
3455,4424
3456,4425
3456,4426
3456,4427
3458,4428
3458,45
3458,4429
3459,138
3459,72
3459,622
3460,4430
3460,4431
3460,4432
3461,4433
3461,4434
3461,4435
3462,2059
3462,2060
3462,4436
3463,2031
3463,4437
3463,4438
3463,4439
3465,8
3465,1745
3465,2454
3466,119
3466,3267
3466,737
3467,620
3467,1604
3467,1540
3468,620
3468,3300
3468,1342
3469,1599
3469,2762
3469,1531
3471,167
3471,4440
3471,4441
3473,4442
3473,3620
3473,1004
3474,319
3474,4443
3474,4444
3475,2769
3475,1601
3475,1338
3476,580
3476,1387
3476,1706
3477,971
3477,2240
3477,2193
3478,1151
3478,618
3478,4445
3479,761
3479,967
3479,88
3480,4437
3480,4446
3480,886
3481,265
3481,4295
3481,4447
3482,617
3482,4448
3482,750
3483,560
3483,74
3483,753
3484,3207
3484,2617
3484,4449
3485,4450
3485,4451
3485,4452
3486,4453
3486,3571
3486,4454
3489,638
3489,4
3489,247
3490,2938
3490,3550
3490,4455
3491,2137
3491,4456
3491,4457
3492,3710
3492,4458
3492,4459
3493,4460
3493,208
3493,4461
3494,1655
3494,2026
3494,4462
3495,4463
3495,4464
3495,4465
3496,1216
3496,4466
3496,4467
3497,3953
3497,1859
3497,542
3498,4468
3498,4469
3498,4470
3499,870
3499,1233
3499,3923
3500,561
3500,1485
3500,2384
3501,164
3501,766
3501,1340
3502,770
3502,125
3502,2507
3503,4471
3503,4472
3503,4473
3504,237
3504,1058
3504,2923
3505,508
3505,59
3505,728
3506,583
3506,1297
3506,4474
3507,8
3507,7
3507,1742
3508,278
3508,4475
3508,4009
3509,480
3509,1063
3509,777
3510,483
3510,3306
3510,4476
3511,794
3511,2569
3511,1403
3512,2471
3512,537
3512,4477
3513,394
3513,418
3513,730
3514,2532
3514,439
3514,2288
3516,1530
3516,1541
3516,8
3517,1634
3517,4478
3517,4479
3518,3439
3518,2501
3518,270
3519,19
3519,1998
3519,1318
3520,2841
3520,4480
3520,4348
3521,4481
3521,2626
3521,4482
3523,28
3523,3678
3523,2072
3524,3789
3524,4483
3524,1839
3525,1
3525,4484
3525,4485
3526,13
3526,67
3526,733
3527,585
3527,4486
3527,4487
3528,2167
3528,583
3528,804
3529,210
3529,390
3529,4488
3530,307
3530,1258
3530,4489
3531,4490
3531,4491
3531,4492
3532,4493
3532,4494
3532,4495
3533,4496
3533,4497
3533,4498
3534,173
3534,1384
3534,4499
3535,133
3535,4500
3535,4501
3536,315
3536,1115
3536,2654
3537,620
3537,273
3537,64
3538,1298
3538,4502
3538,4503
3539,4504
3539,4505
3539,4506
3541,4507
3541,4508
3541,4509
3542,3604
3542,4510
3542,4511
3543,106
3543,2306
3543,37
3544,4512
3544,4267
3544,4513
3545,4483
3545,369
3545,4514
3546,1583
3546,1587
3546,4515
3547,474
3547,642
3547,1317
3548,1588
3548,4516
3548,4311
3549,1469
3549,2763
3549,2040
3550,395
3550,2792
3550,99
3551,638
3551,1589
3551,2201
3552,610
3552,2239
3552,1369
3553,2853
3553,756
3553,3426
3555,859
3555,389
3555,186
3556,5
3556,2952
3556,676
3557,218
3557,643
3557,69
3558,4517
3558,3405
3558,3325
3559,2059
3559,3435
3559,4518
3562,1789
3562,3387
3562,266
3563,5
3563,178
3563,4519
3564,2466
3564,177
3564,4520
3565,641
3565,1686
3565,946
3569,4521
3569,4522
3569,4523
3570,1928
3570,4524
3570,4525
3572,4526
3572,4527
3572,4528
3573,235
3573,2877
3573,3819
3574,4529
3574,4530
3574,4531
3575,4532
3575,4533
3575,4534
3576,479
3576,3891
3576,4535
3578,654
3578,127
3578,4536
3579,875
3579,1440
3579,4537
3580,231
3580,100
3580,130
3581,4538
3581,4539
3581,4540
3582,4541
3582,4542
3582,4543
3583,1606
3583,4544
3583,4545
3584,426
3584,4546
3584,4547
3585,1716
3585,4339
3585,4548
3586,4549
3586,4550
3586,714
3587,4551
3587,4469
3587,4552
3588,210
3588,1700
3588,129
3589,4553
3589,4554
3589,4555
3590,65
3590,3218
3590,4556
3591,770
3591,4441
3591,4557
3593,254
3593,1392
3593,4558
3594,4559
3594,4560
3594,4561
3596,3073
3596,2564
3596,4562
3597,4563
3597,4564
3597,4565
3598,525
3598,479
3598,3769
3599,2040
3599,4566
3599,1531
3600,4567
3600,4568
3600,1753
3601,766
3601,1983
3601,4569
3603,4570
3603,4571
3603,4572
3604,1588
3604,1813
3604,2045
3605,4567
3605,4265
3605,7
3606,1531
3606,2040
3606,4573
3607,766
3607,1983
3607,2971
3608,2876
3608,3240
3608,4574
3609,4575
3609,4576
3610,4567
3610,1642
3610,4577
3612,4578
3612,4579
3612,4580
3613,1728
3613,563
3613,101
3614,870
3614,70
3614,313
3615,656
3615,2313
3615,2929
3616,3640
3616,4581
3616,4582
3617,2671
3617,4583
3617,3778
3618,144
3618,4584
3618,383
3619,1737
3619,88
3619,4585
3620,66
3620,2201
3620,4586
3621,651
3621,120
3621,4587
3622,35
3622,2778
3622,44
3624,297
3624,267
3624,4588
3625,4589
3625,4590
3625,4591
3627,4592
3627,4593
3627,4594
3628,1655
3628,4595
3628,2756
3629,2059
3629,4596
3629,4597
3632,2059
3632,4598
3632,4599
3633,4600
3633,4601
3633,3421
3634,2007
3634,1734
3634,2762
3635,3277
3635,4602
3635,4603
3636,4604
3636,4605
3636,2182
3637,4334
3637,4606
3637,4607
3638,3277
3638,3991
3638,4608
3639,3277
3639,2938
3639,4609
3640,2059
3640,4610
3640,4611
3641,4283
3641,4612
3641,4613
3642,1655
3642,1309
3642,4614
3643,1655
3643,4167
3643,1898
3644,1799
3644,1655
3644,1671
3645,4615
3645,4616
3645,4617
3646,819
3646,185
3646,4618
3648,4516
3648,3550
3648,4619
3649,426
3649,4620
3649,4281
3651,4621
3651,4622
3651,4623
3652,4624
3652,4625
3652,4626
3653,862
3653,4627
3653,4628
3654,1630
3654,1562
3654,507
3656,1585
3656,4629
3656,3883
3657,1553
3657,3418
3657,4630
3658,4631
3658,4632
3658,3441
3660,3952
3660,4633
3660,4469
3660,4634
3661,4635
3661,4636
3661,4637
3661,4638
3662,4639
3662,4640
3662,4641
3662,4642
3663,2329
3663,4643
3663,4644
3663,4645
3665,4646
3665,4647
3665,4648
3665,4649
3668,4650
3668,4651
3668,4652
3669,3732
3669,4653
3669,2259
3671,4654
3671,2055
3671,4655
3672,4656
3672,4657
3672,4658
3673,4659
3673,4660
3673,4661
3674,4658
3674,4661
3674,4662
3675,2759
3675,1652
3675,4663
3676,4017
3676,4664
3676,4665
3677,4666
3678,2040
3678,1541
3678,1761
3679,4667
3679,4668
3679,4669
3680,4670
3680,4671
3680,4672
3681,278
3681,1863
3681,3904
3682,278
3682,3272
3682,4673
3683,3326
3683,399
3683,3690
3684,233
3684,88
3684,2342
3685,210
3685,459
3685,3730
3686,165
3686,37
3686,247
3688,2587
3688,4674
3688,4675
3689,2587
3689,4675
3689,4674
3690,2587
3690,4675
3690,4676
3691,1028
3691,4677
3691,43
3692,4678
3692,4679
3692,4680
3694,4681
3694,4682
3694,4683
3695,4681
3695,4683
3695,4682
3696,4684
3696,4685
3696,4686
3697,951
3697,546
3697,4487
3698,585
3698,892
3698,3957
3699,233
3699,1955
3699,2884
3700,717
3700,4687
3700,4688
3701,870
3701,1954
3701,731
3702,131
3702,4689
3702,4690
3704,131
3704,4691
3704,4692
3705,131
3705,1425
3705,4342
3706,2306
3706,17
3706,4693
3708,449
3708,4694
3708,2858
3709,4695
3709,4217
3709,4696
3710,4486
3710,2826
3710,3348
3711,458
3711,4697
3711,4698
3712,164
3712,560
3712,402
3713,1343
3713,458
3713,4699
3714,458
3714,4700
3714,2227
3715,458
3715,4512
3715,3280
3716,458
3716,983
3716,854
3717,70
3717,429
3717,2980
3718,4701
3718,4702
3718,4703
3719,3783
3719,108
3719,1773
3720,488
3720,707
3720,1437
3723,131
3723,308
3723,4704
3724,1194
3724,1152
3724,1700
3725,4705
3725,4706
3725,4707
3726,4708
3726,4709
3726,4710
3727,4711
3727,1764
3727,69
3728,389
3728,2172
3728,1110
3729,4712
3729,4713
3729,2790
3730,59
3730,2036
3730,4714
3731,233
3731,2159
3731,906
3732,1734
3732,3028
3732,3293
3733,3404
3733,4715
3733,4716
3734,2575
3734,1822
3734,4717
3735,16
3735,4718
3735,4719
3737,1734
3737,357
3737,7
3738,1425
3738,3311
3738,4720
3739,4721
3739,4722
3739,1593
3740,677
3740,888
3740,4723
3741,33
3741,1343
3741,2776
3743,3223
3743,3227
3743,4724
3744,418
3744,1370
3744,133
3745,2496
3745,449
3745,270
3746,4725
3746,4726
3747,3141
3747,4727
3747,4728
3748,4729
3748,1518
3748,1439
3749,395
3749,1150
3749,1440
3750,4730
3750,4731
3750,4732
3751,131
3751,4733
3751,4734
3753,131
3753,3462
3753,2186
3755,187
3755,1169
3755,1239
3756,643
3756,462
3756,1277
3757,4735
3757,3064
3757,4736
3758,219
3758,163
3758,4737
3759,4738
3759,4739
3759,4740
3760,4741
3760,4742
3760,1713
3761,4743
3761,4744
3761,4300
3763,4745
3763,710
3763,3769
3765,883
3765,468
3765,1247
3766,3349
3766,4746
3766,4747
3767,3349
3767,4748
3767,4749
3768,3349
3768,4750
3768,4751
3769,278
3769,233
3769,769
3770,483
3770,2004
3770,1760
3773,893
3773,4752
3773,894
3774,893
3774,894
3774,819
3775,4753
3775,4739
3775,3940
3776,4754
3776,4755
3776,4756
3778,2060
3778,2157
3778,1530
3779,4757
3779,4758
3779,4759
3780,887
3780,4760
3780,4761
3781,4712
3781,4762
3781,3197
3782,4712
3782,4713
3782,4763
3783,1080
3783,4764
3783,4765
3784,416
3784,4766
3784,4767
3785,4768
3785,4769
3785,171
3786,2655
3786,3308
3786,3689
3787,4770
3787,4771
3787,4772
3790,4773
3790,4774
3790,4775
3791,37
3791,4776
3791,849
3792,4390
3792,1549
3792,1562
3793,699
3793,4777
3793,114
3794,4778
3794,4779
3794,4780
3795,2308
3795,4781
3795,4782
3797,4783
3797,4784
3797,4785
3798,19
3798,88
3798,4786
3800,3467
3800,2345
3800,1176
3801,1530
3801,2165
3801,2728
3802,824
3802,2512
3802,60
3803,4787
3803,4788
3803,4789
3804,4790
3804,4791
3804,4792
3805,166
3805,4793
3805,4794
3806,1562
3806,2906
3806,3421
3807,4795
3807,2067
3807,4796
3809,1369
3809,167
3809,1480
3810,705
3810,179
3810,2306
3811,4797
3811,689
3811,4798
3812,144
3812,2055
3812,1805
3813,14
3813,2911
3813,4799
3814,144
3814,14
3814,4800
3816,4801
3816,4802
3816,4803
3817,4804
3817,4805
3817,2181
3818,1530
3818,2060
3818,4806
3819,4807
3819,4808
3819,4809
3819,4810
3820,213
3820,4811
3820,2213
3821,250
3821,932
3821,4812
3823,4813
3823,4814
3823,2308
3824,426
3824,128
3824,971
3825,4815
3825,4816
3825,335
3826,37
3826,71
3826,2833
3827,278
3827,394
3827,542
3828,4817
3828,2594
3828,4818
3829,4819
3829,4820
3829,4821
3830,4822
3830,4823
3830,4216
3831,1769
3831,4203
3831,4824
3832,4825
3832,4826
3832,2148
3833,4827
3833,4828
3833,4829
3834,278
3834,4475
3834,4830
3835,755
3835,108
3835,206
3836,278
3836,3421
3836,3
3837,3993
3837,3853
3837,2450
3838,3853
3838,3851
3838,3852
3839,3851
3839,3853
3839,3852
3840,69
3840,4831
3840,4832
3841,131
3841,119
3841,549
3843,4833
3843,4834
3843,4835
3844,164
3844,4836
3844,1216
3845,1360
3845,4603
3845,659
3846,2239
3846,46
3846,4837
3848,167
3848,1041
3848,849
3849,1721
3849,4838
3849,4839
3851,4840
3852,4841
3852,4842
3852,4843
3853,4844
3853,1320
3853,1246
3854,281
3854,4845
3854,4846
3855,1890
3855,4847
3855,4848
3856,4849
3856,4850
3856,4851
3857,875
3857,617
3857,2559
3858,614
3858,779
3858,3169
3859,4852
3859,4853
3859,4854
3860,219
3860,2718
3860,4855
3861,434
3861,59
3861,4856
3862,2566
3862,4857
3862,4858
3863,58
3863,1788
3863,669
3864,4859
3864,4860
3864,4861
3865,4862
3865,4863
3865,2593
3866,4864
3866,2707
3866,776
3867,41
3867,1693
3867,2544
3868,34
3868,768
3868,4865
3870,1058
3870,4866
3870,4867
3871,2958
3871,1635
3871,4868
3872,1601
3872,605
3872,2769
3873,1194
3873,3894
3873,4869
3874,661
3874,481
3874,4870
3875,2938
3875,4871
3875,4872
3877,907
3877,237
3877,1573
3878,4873
3878,4874
3878,3902
3879,56
3879,542
3879,4875
3880,4876
3880,4877
3880,4878
3881,4879
3881,4880
3881,4881
3882,5
3882,4882
3882,430
3884,167
3884,1334
3884,3690
3885,2576
3885,950
3885,253
3886,669
3886,771
3886,509
3887,3005
3887,4883
3887,4884
3888,1023
3888,152
3888,2685
3889,122
3889,4885
3889,4886
3891,4887
3891,4888
3891,4889
3892,3625
3892,4890
3892,4891
3893,1062
3893,639
3893,4892
3894,4893
3894,4894
3894,4895
3895,678
3895,434
3895,634
3896,2696
3896,1458
3896,188
3897,3141
3897,4896
3897,4857
3898,2269
3898,211
3898,2413
3899,1691
3899,2576
3899,4897
3901,4898
3901,584
3901,4618
3902,4899
3902,4900
3902,4901
3903,2104
3903,4902
3903,4410
3905,3006
3905,2417
3905,3137
3906,639
3906,59
3906,2388
3908,4903
3908,4904
3908,4030
3909,3489
3909,4905
3909,4906
3910,4907
3910,395
3910,211
3911,2309
3911,464
3911,4908
3912,537
3912,4909
3912,2462
3913,4910
3913,4911
3913,4912
3914,4913
3914,2277
3914,4914
3915,4915
3915,4916
3915,4917
3916,407
3916,1400
3916,4918
3917,4919
3917,4920
3917,4921
3918,1088
3918,4921
3918,4920
3919,4922
3919,1088
3919,4923
3920,1972
3920,1970
3920,655
3921,1817
3921,4924
3921,4925
3922,4925
3922,2841
3922,4926
3923,2881
3923,4927
3923,4928
3924,1722
3924,2841
3924,2153
3925,2048
3925,4929
3925,3825
3926,1671
3926,1590
3926,4930
3927,4931
3927,4932
3927,4086
3928,4933
3928,4934
3928,3552
3929,1905
3929,4935
3929,4117
3931,4936
3931,4937
3931,4938
3932,1594
3932,4939
3932,4940
3933,4941
3933,4942
3933,4943
3934,4944
3934,4945
3934,4761
3937,2443
3937,4946
3937,4672
3938,4947
3938,4948
3938,4949
3941,3008
3941,3009
3941,3010
3942,4950
3942,4951
3942,4952
3943,1252
3943,4953
3943,785
3944,4954
3944,4955
3944,4956
3945,4957
3945,4958
3945,4959
3946,65
3946,726
3946,706
3947,2086
3947,3021
3947,4609
3948,315
3948,17
3948,4960
3949,129
3949,1335
3949,1247
3950,4961
3950,4904
3950,4962
3951,4963
3951,4964
3951,4965
3952,41
3952,474
3952,233
