user_id,gender,occupation,age_group_id
1,F,11,1
2,M,17,7
3,M,16,3
4,M,8,5
5,M,21,3
6,F,10,6
7,M,2,4
8,M,13,3
9,M,18,3
10,F,2,4
11,F,2,3
12,M,13,3
13,M,2,5
14,M,1,4
15,M,8,3
16,F,1,4
17,M,2,6
18,F,4,2
19,M,11,1
20,M,15,3
21,M,17,2
22,M,16,2
23,M,1,4
24,F,8,3
25,M,5,2
26,M,8,3
27,M,12,3
28,F,2,3
29,M,8,4
30,F,8,4
31,M,8,7
32,F,1,3
33,M,4,5
34,F,1,2
35,M,2,5
36,M,4,3
37,F,10,3
38,F,5,2
39,M,5,2
40,M,1,5
41,F,5,2
42,M,9,3
43,M,13,3
44,M,18,5
45,F,17,5
46,M,20,2
47,M,5,2
48,M,5,3
49,M,13,2
50,F,3,3
51,F,11,1
52,M,5,2
53,M,1,3
54,M,2,6
55,F,13,4
56,M,21,4
57,M,20,2
58,M,3,3
59,F,2,6
60,M,2,6
61,M,18,3
62,F,4,4
63,M,5,2
64,M,2,2
65,M,13,4
66,M,19,3
67,F,6,6
68,M,5,2
69,F,2,3
70,M,5,2
71,M,15,3
72,F,1,5
73,M,5,2
74,M,15,4
75,F,11,1
76,M,8,4
77,M,5,2
78,F,2,5
79,F,1,5
80,M,2,7
81,F,1,3
82,M,18,3
83,F,3,3
84,M,5,2
85,M,5,2
86,F,11,1
87,M,15,3
88,F,2,5
89,F,10,7
90,M,14,7
91,M,8,4
92,F,5,2
93,M,18,3
94,M,18,3
95,M,1,5
96,F,17,3
97,F,4,4
98,F,8,4
99,F,11,1
100,M,18,4
101,F,4,2
102,M,20,4
103,M,8,5
104,M,13,3
105,M,13,5
106,F,12,4
107,M,19,5
108,M,13,3
109,M,16,5
110,M,3,3
111,M,16,4
112,M,17,3
113,M,13,2
114,F,3,3
115,M,18,3
116,M,18,3
117,M,18,3
118,M,18,4
119,F,11,1
120,M,12,3
121,M,8,4
122,F,5,2
123,M,10,4
124,M,8,7
125,M,15,5
126,M,10,2
127,F,4,5
128,M,7,7
129,M,12,3
130,M,18,4
131,M,5,2
132,M,18,3
133,F,1,3
134,M,1,3
135,M,5,2
136,M,3,2
137,F,7,5
138,M,21,2
139,F,21,3
140,F,2,4
141,M,14,4
142,M,8,3
143,M,4,2
144,M,18,3
145,M,5,2
146,F,21,4
147,M,5,2
148,M,18,6
149,M,2,3
150,M,8,4
151,F,21,3
152,M,5,2
153,M,11,1
154,M,21,6
155,M,13,4
156,F,8,5
157,M,17,4
158,M,8,7
159,F,1,5
160,M,8,4
161,M,17,5
162,F,5,2
163,M,5,2
164,F,14,7
165,M,17,2
166,M,5,2
167,F,12,3
168,F,1,6
169,M,8,3
170,M,12,3
171,F,18,6
172,M,4,3
173,M,1,3
174,M,17,3
175,F,3,3
176,F,4,2
177,M,2,6
178,M,18,7
179,M,1,3
180,M,13,5
181,M,18,2
182,M,5,2
183,F,2,5
184,F,1,3
185,M,1,5
186,M,6,2
187,F,2,5
188,M,17,7
189,M,1,2
190,M,18,3
191,M,5,2
192,M,2,2
193,F,16,5
194,F,11,1
195,M,13,3
196,F,10,4
197,M,15,2
198,M,13,3
199,M,5,2
200,F,5,2
201,F,3,4
202,M,5,2
203,F,5,2
204,M,8,3
205,M,13,4
206,M,18,3
207,M,13,3
208,M,18,4
209,M,2,4
210,F,11,1
211,M,18,5
212,M,17,3
213,F,5,2
214,M,21,2
215,M,15,4
216,M,14,5
217,M,5,2
218,M,15,4
219,F,5,3
220,M,13,3
221,F,1,3
222,M,2,3
223,M,18,3
224,F,5,2
225,M,8,3
226,M,2,4
227,M,21,4
228,M,16,3
229,M,11,2
230,M,2,5
231,M,4,3
232,M,21,3
233,F,21,5
234,M,8,4
235,M,1,3
236,M,6,3
237,M,7,3
238,F,8,6
239,M,20,2
240,M,18,6
241,M,21,4
242,F,5,2
243,M,17,3
244,M,8,6
245,M,17,4
246,F,5,2
247,M,18,3
248,M,18,2
249,F,15,2
250,M,17,4
251,M,18,7
252,M,13,3
253,F,12,3
254,M,18,4
255,M,1,4
256,M,17,5
257,M,19,2
258,M,8,3
259,M,2,3
260,M,20,2
261,M,21,3
262,F,2,3
263,F,8,3
264,M,1,4
265,F,8,4
266,M,12,4
267,M,13,5
268,F,13,2
269,M,3,3
270,M,15,6
271,M,5,2
272,M,1,2
273,M,5,2
274,M,5,2
275,M,1,3
276,M,17,5
277,F,2,4
278,M,19,5
279,M,15,3
280,M,8,6
281,F,1,4
282,M,18,3
283,M,1,3
284,M,13,3
285,F,1,4
286,M,2,3
287,M,14,6
288,F,13,3
289,F,1,3
290,F,21,3
291,M,13,4
292,M,8,4
293,M,2,7
294,F,10,5
295,M,1,2
296,M,6,6
297,M,3,2
298,F,5,2
299,M,13,3
300,M,8,3
301,M,5,2
302,M,5,2
303,M,8,3
304,M,1,3
305,F,1,2
306,M,1,2
307,M,17,6
308,M,3,3
309,M,5,3
310,F,5,2
311,M,5,2
312,F,3,6
313,F,5,2
314,F,10,7
315,F,2,7
316,M,14,7
317,M,8,4
318,F,14,7
319,F,7,6
320,M,7,4
321,M,5,2
322,M,18,7
323,M,13,5
324,M,18,4
325,F,4,6
326,M,12,6
327,M,19,4
328,M,13,4
329,M,8,4
330,M,8,7
331,M,8,3
332,M,2,6
333,M,3,4
334,F,3,7
335,M,19,4
336,M,1,2
337,M,20,2
338,M,8,4
339,M,8,6
340,F,4,3
341,F,14,7
342,M,13,2
343,F,4,4
344,M,15,4
345,M,13,3
346,F,1,3
347,F,2,7
348,M,8,6
349,M,11,1
350,M,21,5
351,M,5,2
352,M,5,2
353,F,8,4
354,M,2,4
355,M,4,2
356,M,21,7
357,M,1,2
358,F,2,7
359,M,18,3
360,M,18,4
361,F,15,3
362,M,21,4
363,M,11,2
364,F,2,4
365,F,5,2
366,M,16,6
367,M,13,6
368,M,1,3
369,M,2,4
370,M,18,2
371,M,5,2
372,F,5,2
373,F,3,3
374,F,15,4
375,M,3,3
376,M,2,4
377,M,18,3
378,F,1,2
379,F,2,4
380,M,3,3
381,M,18,4
382,F,21,4
383,F,8,3
384,M,12,3
385,M,7,3
386,M,1,3
387,F,8,4
388,F,1,3
389,M,7,3
390,M,5,3
391,M,12,5
392,M,8,2
393,M,18,4
394,M,1,2
395,M,6,2
396,M,2,3
397,M,18,4
398,M,18,3
399,F,7,4
400,F,4,2
401,M,1,2
402,M,12,3
403,M,5,2
404,M,5,2
405,M,2,7
406,M,21,3
407,M,18,2
408,M,12,3
409,M,13,2
410,F,2,3
411,F,2,5
412,M,16,4
413,M,12,3
414,M,1,3
415,F,1,4
416,M,15,5
417,F,1,3
418,F,4,3
419,M,4,2
420,M,2,4
421,F,4,5
422,M,18,7
423,M,5,2
424,M,18,3
425,M,13,3
426,M,5,2
427,M,13,4
428,F,5,2
429,M,1,2
430,F,11,2
431,M,11,2
432,M,17,5
433,M,7,6
434,F,4,5
435,M,8,3
436,M,5,2
437,M,18,4
438,M,12,2
439,M,15,4
440,M,2,7
441,M,2,4
442,M,2,3
443,M,4,3
444,M,1,7
445,M,13,5
446,F,1,6
447,F,12,5
448,M,18,3
449,M,8,3
450,M,2,5
451,M,14,7
452,M,18,6
453,M,5,2
454,M,21,3
455,F,3,4
456,M,1,4
457,M,5,2
458,M,17,6
459,F,5,2
460,M,19,5
461,M,8,6
462,M,17,2
463,M,8,3
464,F,5,2
465,M,20,2
466,M,6,3
467,F,4,4
468,F,11,1
469,M,7,4
470,F,11,1
471,M,8,4
472,M,1,4
473,F,5,2
474,M,18,3
475,F,3,3
476,M,1,4
477,M,15,4
478,M,17,6
479,M,13,3
480,F,5,2
481,M,8,5
482,M,15,3
483,M,13,2
484,F,11,1
485,M,8,7
486,M,1,7
487,F,18,4
488,M,13,3
489,M,5,2
490,M,11,1
491,M,5,2
492,M,13,3
493,M,8,6
494,F,1,4
495,M,11,2
496,M,5,2
497,F,18,3
498,M,18,4
499,F,2,3
500,F,3,2
501,M,3,3
502,M,7,4
503,M,12,4
504,M,3,3
505,M,18,4
506,M,17,3
507,F,1,3
508,M,13,3
509,M,3,3
510,M,13,2
511,F,5,5
512,M,1,4
513,M,1,3
514,M,3,3
515,M,2,3
516,F,15,7
517,F,15,3
518,F,13,4
519,F,15,4
520,F,21,4
521,M,8,7
522,M,13,3
523,M,8,6
524,M,1,2
525,M,7,4
526,M,18,5
527,F,3,3
528,F,18,2
529,M,13,4
530,M,3,3
531,F,15,2
532,M,8,3
533,M,13,3
534,M,16,3
535,M,7,4
536,M,21,3
537,M,15,5
538,M,17,7
539,M,3,3
540,M,2,2
541,F,5,2
542,M,5,2
543,M,6,3
544,M,13,4
545,M,18,4
546,F,1,3
547,M,13,4
548,F,17,4
549,M,7,3
550,M,9,5
551,M,21,4
552,M,19,6
553,M,3,3
554,M,13,3
555,M,5,2
556,F,10,3
557,M,2,7
558,M,21,4
559,F,8,3
560,M,16,5
561,F,15,2
562,M,21,4
563,M,5,3
564,M,2,5
565,M,17,3
566,M,18,3
567,M,21,4
568,F,18,6
569,F,5,2
570,M,5,3
571,M,6,6
572,M,5,2
573,F,3,4
574,M,20,3
575,M,13,3
576,F,16,5
577,M,1,4
578,M,18,2
579,M,6,3
580,M,11,1
581,M,15,6
582,M,5,2
583,F,1,3
584,F,1,3
585,M,2,2
586,M,15,4
587,M,21,3
588,F,12,3
589,M,3,2
590,F,7,4
591,M,1,3
592,M,1,2
593,F,2,6
594,F,14,7
595,M,8,3
596,F,2,3
597,M,13,4
598,M,8,4
599,M,7,6
600,M,18,4
601,F,21,2
602,F,7,7
603,F,7,3
604,M,18,5
605,F,5,2
606,F,11,1
607,M,1,3
608,M,5,2
609,M,8,3
610,M,5,3
611,M,1,4
612,M,8,6
613,M,21,4
614,M,2,4
615,M,18,6
616,M,8,3
617,F,8,3
618,M,1,3
619,F,2,2
620,M,1,2
621,M,5,2
622,M,1,3
623,M,18,3
624,M,2,3
625,F,13,4
626,M,5,2
627,M,3,6
628,F,1,4
629,F,11,1
630,F,15,4
631,M,18,4
632,M,18,5
633,M,18,3
634,F,11,1
635,M,18,7
636,M,21,2
637,M,13,4
638,M,7,3
639,M,18,5
640,M,5,2
641,F,1,4
642,F,2,4
643,M,3,3
644,M,21,3
645,M,21,4
646,M,8,4
647,M,13,4
648,F,13,3
649,M,5,3
650,M,18,3
651,M,8,4
652,M,21,2
653,M,14,7
654,M,8,6
655,F,3,3
656,F,17,5
657,F,14,6
658,F,1,3
659,F,1,3
660,M,17,5
661,M,2,5
662,M,5,2
663,F,8,3
664,M,19,4
665,M,3,2
666,F,1,2
667,M,19,3
668,F,4,3
669,M,18,3
670,M,13,3
671,M,5,2
672,M,8,4
673,M,21,3
674,M,18,3
675,M,21,3
676,M,17,2
677,M,3,6
678,M,1,3
679,M,17,4
680,M,13,3
681,M,8,4
682,M,5,3
683,M,5,3
684,M,5,3
685,M,5,3
686,M,5,2
687,F,8,3
688,M,14,7
689,F,1,6
690,M,13,3
691,M,12,4
692,F,1,3
693,M,13,4
694,M,5,2
695,F,2,2
696,M,13,3
697,F,7,6
698,M,5,2
699,M,1,2
700,M,18,6
701,F,5,2
702,M,8,4
703,F,2,7
704,F,9,4
705,M,5,3
706,M,21,4
707,M,8,4
708,M,1,3
709,M,1,2
710,M,21,3
711,M,19,3
712,M,1,3
713,M,8,4
714,M,5,2
715,M,1,2
716,M,5,2
717,M,12,3
718,M,3,2
719,M,1,1
720,M,1,2
721,F,10,4
722,M,13,3
723,M,13,3
724,M,14,6
725,M,12,7
726,F,10,3
727,M,12,4
728,M,7,3
729,M,13,4
730,M,1,3
731,M,4,5
732,M,8,3
733,M,17,4
734,M,8,3
735,M,15,3
736,M,13,2
737,M,20,1
738,M,18,2
739,M,13,4
740,M,15,3
741,M,6,3
742,M,1,2
743,F,3,1
744,M,18,3
745,M,11,1
746,F,20,2
747,M,5,2
748,M,1,3
749,M,19,4
750,F,10,4
751,F,18,3
752,F,4,3
753,M,11,1
754,M,8,4
755,F,1,4
756,M,1,4
757,M,13,3
758,M,8,4
759,F,4,7
760,M,16,7
761,M,8,2
762,M,11,1
763,M,11,2
764,M,21,2
765,M,18,3
766,F,8,3
767,M,13,3
768,M,13,3
769,M,18,5
770,M,5,2
771,F,2,6
772,M,13,2
773,M,7,3
774,M,5,2
775,M,18,1
776,F,4,3
777,M,20,2
778,M,18,2
779,M,1,3
780,M,18,3
781,M,5,2
782,M,2,7
783,M,5,3
784,M,1,2
785,M,20,2
786,M,1,3
787,M,5,2
788,M,1,3
789,M,2,2
790,M,18,3
791,M,8,4
792,M,18,3
793,F,15,4
794,M,21,6
795,F,15,4
796,M,7,6
797,F,8,6
798,F,21,3
799,F,6,3
800,F,13,4
801,F,21,3
802,M,17,3
803,M,5,2
804,M,21,3
805,M,13,4
806,M,1,4
807,M,5,2
808,M,8,3
809,M,18,3
810,M,13,3
811,M,1,6
812,M,7,3
813,M,5,2
814,F,5,2
815,M,5,3
816,M,1,5
817,M,5,2
818,M,5,2
819,M,8,4
820,M,8,4
821,M,3,2
822,F,2,3
823,M,1,3
824,M,13,4
825,M,2,7
826,F,2,4
827,M,3,5
828,M,5,2
829,M,20,1
830,M,8,4
831,F,1,5
832,M,3,2
833,M,8,4
834,F,13,4
835,M,1,7
836,M,12,3
837,M,8,7
838,M,18,6
839,M,1,3
840,F,4,3
841,F,15,6
842,F,1,2
843,M,8,3
844,M,1,3
845,F,1,2
846,M,6,3
847,F,8,3
848,M,16,3
849,M,4,3
850,M,1,4
851,M,5,2
852,M,6,3
853,M,18,3
854,F,17,3
855,F,3,2
856,F,7,5
857,M,18,4
858,M,15,4
859,M,13,3
860,M,1,2
861,M,8,3
862,M,8,4
863,M,8,3
864,F,1,3
865,M,2,4
866,M,11,1
867,M,13,5
868,M,18,6
869,M,21,2
870,F,2,3
871,M,11,1
872,M,2,6
873,M,7,7
874,M,16,5
875,M,11,1
876,M,5,3
877,M,1,3
878,M,3,2
879,M,17,5
880,M,18,4
881,M,15,2
882,M,3,2
883,F,15,4
884,M,11,1
885,M,1,4
886,F,1,7
887,F,17,7
888,F,11,1
889,M,21,5
890,M,5,2
891,M,2,3
892,M,1,4
893,F,7,6
894,M,5,2
895,M,2,6
896,M,16,2
897,M,7,3
898,M,8,3
899,F,2,3
900,F,14,7
901,F,1,7
902,M,1,7
903,M,14,7
904,M,21,4
905,F,13,5
906,M,11,1
907,F,7,5
908,F,2,6
909,M,8,5
910,F,1,6
911,M,1,6
912,F,3,4
913,M,1,3
914,F,10,4
915,M,8,3
916,F,2,3
917,M,7,6
918,F,2,5
919,F,2,4
920,M,5,2
921,M,18,3
922,M,17,7
923,M,8,3
924,M,18,6
925,F,4,4
926,M,11,1
927,F,21,3
928,F,17,7
929,M,16,3
930,M,6,3
931,F,2,7
932,F,7,4
933,M,2,5
934,F,8,4
935,M,15,4
936,M,5,2
937,M,16,3
938,F,2,3
939,F,21,3
940,M,11,1
941,M,21,2
942,F,7,6
943,F,13,5
944,M,1,4
945,M,8,5
946,M,8,4
947,M,1,2
948,M,13,7
949,M,18,6
950,M,8,4
951,M,3,5
952,M,17,7
953,M,21,6
954,F,1,3
955,F,8,6
956,M,2,4
957,M,2,4
958,M,3,4
959,M,12,6
960,M,11,1
961,M,11,2
962,F,2,3
963,M,1,3
964,M,8,3
965,M,8,7
966,M,3,7
967,F,1,2
968,M,13,6
969,F,12,3
970,M,1,3
971,M,13,3
972,M,2,5
973,F,2,3
974,M,20,4
975,M,1,4
976,M,15,4
977,M,3,3
978,M,1,2
979,M,11,1
980,M,7,3
981,M,21,3
982,F,10,3
983,F,17,3
984,M,17,6
985,M,5,3
986,F,1,7
987,F,18,4
988,M,12,6
989,M,1,6
990,M,7,2
991,F,10,3
992,F,4,4
993,M,1,3
994,M,3,2
995,F,5,2
996,M,18,3
997,M,20,1
998,M,21,5
999,M,16,3
1000,F,7,3
1001,M,5,3
1002,M,12,6
1003,M,3,3
1004,M,4,3
1005,M,12,4
1006,M,5,2
1007,M,13,6
1008,M,4,4
1009,M,8,6
1010,M,1,3
1011,M,9,3
1012,F,2,4
1013,M,14,7
1014,F,18,5
1015,M,4,4
1016,M,17,7
1017,M,1,4
1018,M,5,2
1019,M,2,4
1020,M,21,2
1021,M,1,4
1022,M,4,3
1023,M,14,7
1024,F,2,4
1025,M,17,3
1026,F,1,5
1027,M,5,2
1028,F,8,5
1029,M,1,3
1030,M,8,3
1031,M,17,4
1032,M,17,6
1033,M,6,3
1034,F,2,4
1035,M,3,2
1036,M,8,4
1037,M,8,5
1038,F,16,7
1039,F,2,4
1040,M,12,3
1041,M,3,5
1042,M,6,4
1043,F,12,6
1044,M,21,3
1045,F,11,1
1046,M,19,7
1047,M,1,2
1048,M,7,4
1049,M,15,5
1050,M,2,3
1051,F,1,3
1052,F,3,4
1053,M,1,4
1054,M,11,1
1055,M,1,4
1056,M,1,1
1057,M,18,5
1058,M,2,3
1059,F,1,3
1060,M,11,2
1061,M,1,5
1062,M,20,6
1063,M,8,4
1064,M,8,3
1065,F,1,3
1066,M,13,5
1067,M,13,4
1068,F,5,2
1069,M,21,3
1070,F,3,5
1071,M,17,6
1072,F,8,4
1073,F,7,3
1074,M,18,5
1075,F,7,3
1076,F,4,3
1077,M,4,3
1078,F,10,5
1079,M,8,3
1080,M,8,7
1081,M,5,2
1082,M,8,5
1083,M,1,7
1084,M,20,1
1085,M,8,3
1086,M,5,2
1087,M,17,3
1088,F,11,1
1089,M,7,4
1090,M,8,3
1091,M,6,2
1092,F,5,2
1093,M,15,6
1094,F,1,2
1095,F,7,7
1096,M,11,1
1097,M,18,2
1098,M,8,4
1099,M,18,3
1100,M,1,3
1101,M,2,4
1102,M,2,2
1103,F,8,5
1104,M,12,4
1105,M,7,4
1106,M,5,2
1107,F,2,6
1108,M,2,7
1109,M,11,2
1110,F,7,7
1111,F,17,6
1112,M,7,2
1113,M,5,2
1114,F,10,2
1115,F,2,3
1116,M,16,3
1117,M,15,2
1118,M,14,6
1119,M,2,4
1120,M,5,2
1121,M,8,7
1122,M,15,7
1123,M,1,6
1124,M,3,3
1125,F,5,2
1126,M,17,7
1127,M,1,3
1128,M,2,3
1129,M,18,4
1130,M,8,2
1131,M,14,7
1132,M,13,2
1133,M,3,2
1134,M,21,2
1135,M,14,6
1136,F,8,4
1137,M,5,2
1138,M,13,2
1139,M,2,3
1140,F,3,5
1141,F,4,3
1142,M,2,2
1143,M,8,6
1144,M,8,3
1145,M,4,6
1146,F,17,2
1147,M,21,3
1148,M,18,4
1149,M,13,3
1150,F,21,3
1151,M,16,3
1152,M,5,2
1153,M,11,2
1154,F,11,1
1155,M,13,3
1156,F,3,6
1157,M,8,5
1158,F,2,4
1159,M,1,2
1160,M,15,2
1161,M,1,3
1162,F,1,4
1163,M,11,1
1164,F,20,3
1165,M,13,3
1166,M,7,7
1167,F,2,6
1168,F,1,3
1169,M,21,3
1170,M,4,7
1171,M,13,5
1172,F,1,3
1173,F,8,3
1174,F,17,2
1175,F,3,3
1176,M,2,7
1177,F,18,3
1178,M,1,7
1179,M,2,6
1180,F,21,6
1181,M,8,4
1182,M,11,1
1183,M,20,4
1184,F,5,3
1185,F,2,4
1186,M,20,2
1187,F,1,1
1188,M,8,5
1189,M,1,3
1190,M,1,5
1191,F,1,4
1192,M,17,6
1193,M,13,3
1194,F,2,3
1195,F,11,1
1196,F,15,2
1197,M,2,4
1198,M,11,1
1199,M,14,6
1200,M,1,1
1201,M,5,2
1202,M,13,4
1203,F,2,3
1204,M,8,3
1205,F,1,7
1206,F,8,6
1207,M,1,6
1208,M,1,3
1209,M,8,4
1210,M,18,3
1211,M,5,2
1212,F,2,6
1213,M,1,6
1214,M,14,7
1215,M,18,4
1216,M,3,3
1217,M,13,3
1218,M,16,7
1219,M,8,3
1220,M,11,1
1221,M,1,2
1222,M,1,4
1223,M,3,3
1224,M,14,6
1225,M,8,5
1226,M,21,2
1227,M,2,6
1228,M,2,3
1229,F,5,3
1230,M,12,3
1231,M,13,3
1232,F,5,2
1233,F,21,5
1234,M,5,2
1235,F,8,3
1236,F,2,3
1237,M,5,2
1238,F,21,4
1239,F,21,3
1240,F,15,2
1241,M,11,1
1242,F,1,4
1243,M,16,4
1244,M,5,3
1245,M,18,3
1246,M,5,2
1247,M,1,4
1248,F,21,4
1249,M,3,4
1250,M,1,6
1251,M,8,3
1252,M,14,7
1253,F,21,4
1254,F,2,2
1255,M,18,3
1256,M,21,3
1257,F,15,2
1258,M,8,5
1259,M,8,4
1260,M,18,3
1261,M,5,2
1262,M,5,3
1263,M,11,1
1264,M,2,3
1265,F,21,2
1266,M,5,3
1267,M,16,3
1268,M,3,6
1269,F,14,7
1270,M,7,3
1271,F,7,5
1272,M,21,2
1273,M,3,4
1274,M,8,5
1275,M,18,6
1276,M,18,4
1277,F,1,2
1278,M,5,2
1279,M,2,4
1280,M,11,1
1281,M,20,3
1282,M,2,6
1283,F,2,2
1284,M,17,5
1285,M,5,4
1286,M,18,4
1287,F,8,6
1288,F,20,4
1289,M,7,5
1290,M,1,4
1291,F,1,4
1292,M,8,3
1293,M,6,3
1294,F,21,6
1295,F,7,4
1296,M,1,1
1297,M,8,3
1298,M,7,4
1299,M,15,3
1300,M,11,1
1301,F,3,3
1302,M,5,2
1303,M,20,3
1304,M,15,3
1305,M,21,5
1306,M,4,3
1307,M,14,7
1308,M,11,1
1309,M,15,3
1310,M,1,5
1311,M,11,2
1312,M,15,3
1313,M,5,2
1314,F,5,2
1315,M,8,4
1316,M,3,6
1317,M,8,5
1318,M,17,2
1319,F,4,3
1320,M,5,3
1321,F,15,3
1322,M,1,7
1323,F,3,4
1324,M,17,4
1325,M,2,3
1326,F,1,3
1327,M,11,1
1328,M,15,4
1329,M,15,2
1330,M,2,7
1331,M,1,5
1332,M,8,3
1333,M,18,3
1334,M,8,6
1335,M,1,4
1336,F,21,6
1337,M,18,7
1338,M,1,3
1339,M,19,4
1340,M,8,3
1341,M,8,2
1342,M,1,4
1343,M,15,4
1344,F,10,3
1345,F,3,3
1346,M,21,4
1347,F,2,2
1348,F,11,1
1349,M,8,6
1350,F,1,4
1351,F,18,3
1352,M,21,4
1353,M,11,1
1354,F,3,3
1355,F,21,5
1356,F,5,2
1357,M,1,5
1358,M,18,4
1359,M,2,4
1360,M,21,3
1361,F,1,3
1362,M,13,4
1363,M,8,6
1364,F,3,5
1365,F,11,1
1366,M,11,1
1367,M,13,3
1368,F,4,3
1369,M,6,3
1370,M,3,4
1371,F,3,6
1372,M,11,1
1373,F,2,3
1374,M,2,6
1375,F,6,5
1376,F,2,5
1377,M,17,4
1378,F,8,5
1379,F,14,7
1380,M,11,1
1381,M,12,2
1382,F,2,5
1383,F,8,3
1384,M,11,2
1385,F,6,3
1386,F,1,3
1387,F,14,6
1388,M,21,7
1389,M,18,3
1390,M,17,4
1391,M,16,4
1392,M,4,5
1393,M,5,2
1394,F,4,3
1395,M,3,3
1396,F,13,3
1397,M,8,4
1398,F,17,7
1399,M,18,2
1400,M,8,3
1401,F,2,2
1402,M,5,2
1403,F,1,3
1404,M,17,6
1405,M,14,7
1406,M,5,3
1407,F,16,4
1408,M,1,3
1409,M,5,2
1410,M,8,6
1411,M,2,4
1412,M,18,3
1413,M,4,2
1414,M,5,2
1415,M,15,5
1416,M,15,3
1417,M,17,4
1418,M,5,2
1419,F,2,3
1420,M,5,2
1421,F,11,1
1422,M,18,4
1423,M,5,3
1424,M,1,4
1425,M,11,1
1426,M,15,2
1427,M,13,3
1428,F,12,5
1429,F,4,4
1430,M,5,2
1431,M,7,7
1432,M,2,4
1433,F,15,2
1434,F,11,1
1435,M,15,3
1436,F,7,6
1437,M,4,6
1438,M,3,2
1439,M,4,4
1440,M,13,4
1441,M,17,4
1442,M,3,2
1443,M,3,4
1444,F,5,3
1445,M,3,3
1446,M,13,4
1447,M,5,2
1448,F,4,3
1449,M,21,4
1450,M,5,2
1451,M,21,4
1452,F,14,7
1453,M,15,3
1454,M,5,2
1455,F,1,5
1456,M,3,3
1457,M,2,3
1458,M,1,1
1459,F,1,3
1460,F,5,2
1461,F,1,5
1462,M,17,4
1463,M,17,6
1464,M,13,4
1465,M,17,6
1466,M,5,2
1467,M,6,3
1468,M,15,1
1469,M,21,7
1470,M,5,2
1471,M,18,3
1472,M,8,3
1473,M,15,3
1474,M,5,3
1475,F,3,3
1476,F,1,2
1477,F,2,5
1478,M,11,1
1479,F,3,6
1480,M,21,3
1481,M,18,4
1482,M,8,3
1483,M,5,2
1484,M,13,3
1485,F,10,3
1486,M,17,3
1487,M,8,4
1488,M,8,3
1489,F,3,4
1490,M,8,6
1491,M,5,2
1492,M,13,3
1493,F,15,3
1494,M,18,3
1495,M,1,2
1496,M,18,3
1497,M,6,6
1498,M,5,2
1499,M,11,1
1500,M,18,3
1501,M,12,3
1502,M,5,2
1503,M,13,3
1504,M,20,2
1505,M,12,6
1506,M,8,3
1507,M,18,4
1508,F,11,1
1509,M,1,1
1510,F,2,3
1511,M,13,4
1512,M,21,3
1513,F,17,4
1514,M,5,2
1515,M,17,3
1516,F,13,3
1517,M,1,2
1518,M,3,3
1519,M,5,2
1520,M,18,3
1521,F,8,3
1522,M,21,4
1523,M,18,3
1524,M,5,2
1525,F,17,3
1526,M,18,7
1527,M,11,2
1528,M,16,3
1529,M,5,2
1530,M,5,3
1531,M,18,5
1532,M,15,2
1533,M,2,5
1534,M,13,6
1535,F,21,2
1536,F,4,4
1537,M,21,2
1538,M,4,3
1539,M,4,3
1540,M,1,5
1541,M,18,7
1542,M,18,2
1543,M,12,3
1544,M,13,3
1545,M,21,3
1546,M,5,3
1547,M,14,7
1548,M,2,4
1549,M,7,4
1550,M,5,2
1551,M,12,3
1552,M,21,5
1553,F,16,3
1554,F,13,4
1555,F,1,2
1556,M,5,2
1557,F,5,2
1558,M,7,2
1559,M,9,4
1560,F,4,3
1561,F,5,2
1562,M,21,2
1563,F,11,1
1564,M,2,6
1565,M,18,5
1566,M,17,4
1567,M,13,3
1568,F,11,1
1569,F,14,7
1570,M,18,2
1571,M,21,3
1572,F,4,3
1573,M,1,1
1574,M,7,3
1575,F,8,6
1576,F,10,5
1577,M,1,7
1578,M,5,2
1579,M,1,3
1580,F,5,2
1581,F,5,2
1582,M,1,2
1583,M,7,4
1584,M,20,3
1585,M,21,7
1586,M,8,5
1587,F,4,3
1588,M,12,3
1589,M,1,3
1590,M,2,4
1591,M,8,6
1592,M,8,4
1593,M,17,3
1594,F,21,4
1595,M,2,4
1596,F,6,2
1597,M,13,3
1598,M,14,4
1599,M,1,3
1600,M,8,4
1601,M,13,3
1602,F,8,3
1603,F,1,3
1604,M,12,3
1605,F,1,2
1606,F,4,4
1607,M,2,5
1608,M,12,3
1609,F,10,4
1610,M,12,3
1611,M,1,3
1612,M,18,3
1613,M,21,2
1614,M,1,4
1615,F,8,5
1616,M,1,3
1617,M,13,3
1618,M,1,6
1619,M,4,6
1620,M,21,3
1621,M,5,3
1622,M,5,2
1623,M,16,6
1624,M,1,3
1625,M,1,5
1626,M,5,2
1627,M,18,2
1628,M,21,2
1629,M,5,2
1630,M,18,5
1631,F,1,6
1632,M,17,3
1633,F,8,5
1634,F,1,7
1635,M,1,3
1636,F,20,3
1637,M,1,7
1638,F,18,2
1639,M,18,3
1640,M,18,4
1641,M,1,3
1642,M,14,6
1643,M,3,5
1644,M,13,2
1645,F,10,2
1646,M,21,3
1647,M,19,2
1648,M,15,6
1649,M,20,2
1650,M,20,3
1651,M,13,3
1652,M,17,3
1653,M,1,2
1654,F,1,5
1655,M,5,2
1656,M,18,3
1657,F,1,5
1658,F,7,4
1659,F,10,2
1660,F,3,3
1661,M,8,4
1662,M,13,3
1663,M,5,2
1664,F,5,2
1665,M,18,5
1666,M,15,3
1667,M,17,6
1668,M,3,4
1669,F,18,3
1670,F,14,7
1671,M,1,4
1672,M,18,3
1673,M,11,1
1674,M,3,4
1675,F,7,3
1676,M,5,2
1677,M,15,2
1678,F,18,2
1679,M,13,3
1680,M,21,3
1681,M,5,2
1682,M,3,3
1683,F,8,3
1684,M,4,2
1685,M,13,4
1686,M,13,4
1687,M,4,3
1688,F,5,2
1689,M,6,4
1690,M,17,4
1691,F,18,3
1692,M,21,4
1693,M,13,3
1694,M,13,3
1695,M,2,3
1696,M,8,4
1697,F,5,2
1698,M,3,4
1699,F,20,3
1700,M,21,3
1701,F,5,3
1702,M,11,2
1703,M,16,2
1704,M,5,3
1705,F,5,2
1706,M,21,3
1707,M,2,6
1708,M,1,3
1709,M,1,3
1710,M,1,2
1711,F,5,2
1712,M,1,3
1713,M,1,3
1714,M,18,3
1715,M,17,3
1716,M,1,3
1717,F,7,6
1718,M,5,2
1719,M,17,2
1720,M,5,2
1721,M,20,2
1722,M,1,4
1723,M,18,4
1724,M,5,2
1725,M,20,2
1726,M,3,3
1727,M,17,4
1728,M,5,2
1729,M,8,3
1730,F,5,2
1731,F,1,2
1732,M,5,2
1733,M,15,2
1734,M,18,5
1735,M,21,2
1736,M,9,7
1737,M,21,4
1738,M,17,4
1739,M,17,7
1740,M,2,7
1741,M,8,4
1742,M,16,3
1743,M,18,4
1744,M,13,4
1745,M,1,5
1746,M,5,3
1747,M,1,3
1748,M,2,6
1749,M,3,3
1750,M,6,6
1751,M,21,4
1752,M,4,3
1753,M,7,4
1754,M,20,2
1755,F,5,2
1756,F,2,3
1757,M,5,3
1758,F,1,3
1759,M,17,3
1760,F,4,3
1761,M,1,4
1762,M,15,3
1763,M,8,4
1764,M,1,2
1765,M,5,2
1766,F,1,5
1767,M,21,3
1768,M,17,5
1769,M,18,3
1770,M,17,4
1771,M,18,3
1772,M,3,7
1773,M,5,2
1774,M,18,3
1775,M,5,3
1776,M,1,3
1777,M,21,3
1778,M,5,2
1779,M,2,2
1780,M,2,4
1781,F,1,4
1782,M,1,5
1783,M,5,2
1784,M,21,2
1785,M,5,2
1786,M,2,5
1787,M,9,2
1788,M,3,5
1789,M,11,1
1790,M,1,3
1791,M,5,2
1792,F,3,3
1793,M,5,3
1794,M,12,3
1795,M,18,2
1796,M,12,6
1797,M,8,4
1798,M,12,5
1799,M,12,4
1800,M,5,2
1801,F,7,3
1802,M,5,2
1803,M,3,3
1804,M,8,3
1805,M,5,2
1806,M,5,2
1807,M,18,2
1808,F,5,2
1809,F,15,3
1810,M,14,6
1811,M,3,7
1812,F,13,3
1813,F,7,4
1814,M,8,6
1815,M,2,1
1816,F,10,4
1817,M,2,4
1818,M,9,1
1819,F,13,4
1820,M,21,3
1821,M,21,3
1822,F,1,3
1823,F,2,4
1824,F,5,2
1825,M,8,3
1826,M,12,5
1827,F,2,3
1828,M,5,2
1829,M,17,3
1830,M,5,2
1831,M,5,2
1832,F,5,2
1833,M,18,2
1834,M,6,4
1835,M,20,3
1836,M,1,3
1837,M,3,3
1838,M,8,4
1839,M,5,2
1840,M,13,3
1841,M,1,2
1842,M,5,2
1843,M,13,3
1844,F,5,2
1845,M,3,3
1846,M,13,5
1847,M,5,2
1848,M,6,4
1849,M,8,4
1850,M,6,2
1851,M,20,3
1852,M,13,3
1853,M,1,6
1854,M,1,3
1855,M,5,2
1856,M,8,7
1857,M,11,1
1858,F,5,2
1859,F,5,3
1860,M,17,7
1861,M,17,6
1862,M,15,6
1863,M,5,2
1864,M,8,4
1865,F,2,2
1866,M,8,3
1867,M,8,6
1868,M,12,6
1869,M,15,5
1870,M,14,7
1871,F,2,5
1872,M,21,6
1873,M,8,4
1874,M,8,5
1875,M,13,4
1876,M,13,3
1877,F,21,5
1878,M,11,1
1879,M,5,3
1880,M,1,4
1881,M,3,4
1882,M,17,4
1883,F,1,6
1884,M,21,5
1885,M,18,6
1886,M,13,3
1887,M,16,7
1888,M,13,4
1889,M,15,2
1890,M,7,6
1891,M,2,5
1892,M,21,3
1893,F,1,4
1894,F,8,4
1895,M,15,4
1896,M,14,7
1897,F,3,6
1898,M,13,3
1899,F,7,5
1900,M,13,7
1901,M,8,6
1902,M,20,3
1903,M,1,4
1904,M,2,2
1905,F,21,4
1906,F,6,3
1907,M,18,4
1908,M,14,7
1909,M,5,2
1910,M,11,1
1911,F,5,2
1912,M,5,3
1913,M,18,3
1914,F,15,4
1915,M,14,6
1916,M,8,5
1917,M,11,2
1918,F,7,5
1919,M,1,1
1920,F,8,4
1921,M,13,7
1922,F,8,3
1923,M,8,4
1924,F,7,7
1925,M,8,6
1926,F,1,1
1927,M,8,4
1928,M,11,1
1929,F,11,1
1930,M,16,3
1931,M,3,3
1932,M,8,3
1933,M,20,2
1934,M,18,3
1935,M,11,1
1936,M,1,4
1937,M,12,3
1938,F,3,3
1939,F,3,4
1940,M,13,3
1941,M,18,4
1942,M,6,4
1943,M,5,2
1944,F,5,2
1945,M,21,3
1946,M,15,3
1947,M,8,3
1948,M,11,1
1949,M,18,2
1950,M,13,3
1951,F,5,2
1952,M,2,4
1953,F,3,3
1954,M,17,3
1955,M,20,1
1956,M,1,4
1957,F,5,2
1958,F,2,3
1959,F,14,6
1960,M,8,5
1961,F,4,6
1962,F,2,2
1963,F,10,6
1964,F,7,3
1965,M,18,7
1966,M,21,3
1967,M,8,6
1968,M,12,3
1969,F,4,3
1970,M,14,6
1971,F,15,3
1972,M,18,5
1973,M,2,3
1974,M,18,4
1975,M,5,2
1976,M,6,4
1977,M,7,7
1978,M,11,1
1979,M,18,7
1980,M,8,4
1981,M,2,7
1982,M,11,1
1983,M,15,3
1984,M,11,2
1985,M,13,5
1986,M,14,6
1987,M,18,3
1988,F,2,3
1989,M,7,6
1990,M,8,3
1991,M,21,3
1992,M,5,2
1993,M,18,4
1994,M,3,4
1995,M,2,3
1996,M,1,4
1997,M,1,3
1998,F,10,6
1999,F,4,4
2000,M,5,2
2001,M,2,6
2002,F,14,7
2003,M,11,1
2004,M,20,5
2005,M,5,2
2006,M,1,4
2007,M,17,6
2008,M,4,3
2009,F,8,4
2010,M,5,2
2011,F,4,4
2012,M,5,3
2013,M,1,5
2014,M,5,2
2015,M,5,2
2016,F,3,7
2017,M,18,3
2018,M,17,4
2019,M,2,6
2020,M,8,3
2021,M,1,3
2022,M,8,3
2023,M,5,2
2024,M,20,1
2025,M,14,7
2026,M,17,6
2027,F,10,3
2028,M,7,5
2029,F,13,3
2030,M,5,3
2031,M,21,4
2032,M,15,6
2033,F,21,5
2034,F,3,5
2035,F,1,2
2036,F,15,3
2037,M,15,7
2038,F,2,5
2039,M,17,6
2040,F,8,3
2041,F,21,3
2042,M,11,1
2043,M,15,3
2044,F,1,5
2045,F,1,1
2046,M,2,4
2047,M,11,1
2048,M,7,6
2049,F,1,6
2050,F,4,4
2051,M,8,4
2052,M,11,1
2053,M,12,5
2054,M,13,3
2055,M,12,6
2056,M,5,3
2057,M,2,4
2058,F,2,7
2059,M,1,4
2060,M,2,1
2061,M,2,7
2062,M,5,2
2063,M,5,3
2064,M,2,4
2065,M,7,3
2066,F,7,3
2067,M,17,6
2068,F,13,4
2069,M,16,7
2070,F,7,4
2071,M,8,5
2072,F,13,6
2073,F,5,2
2074,M,5,2
2075,F,5,3
2076,M,5,2
2077,M,1,2
2078,M,5,2
2079,M,11,1
2080,M,12,3
2081,M,18,2
2082,M,20,1
2083,M,5,2
2084,M,5,2
2085,M,1,2
2086,M,15,4
2087,M,1,3
2088,M,8,6
2089,M,18,4
2090,M,18,4
2091,F,21,4
2092,M,2,7
2093,M,1,2
2094,M,3,4
2095,M,14,7
2096,F,18,3
2097,M,6,2
2098,M,21,4
2099,F,1,2
2100,F,1,3
2101,M,17,3
2102,M,12,3
2103,M,13,4
2104,M,16,5
2105,M,2,3
2106,F,21,2
2107,M,2,3
2108,M,11,1
2109,M,17,3
2110,M,12,6
2111,M,14,7
2112,F,13,5
2113,M,7,3
2114,M,19,2
2115,M,18,4
2116,M,5,2
2117,M,14,7
2118,M,15,3
2119,M,5,4
2120,M,1,1
2121,M,14,7
2122,M,13,4
2123,F,1,4
2124,M,1,3
2125,M,4,4
2126,M,15,7
2127,M,5,2
2128,F,2,5
2129,M,6,3
2130,M,1,5
2131,M,1,3
2132,M,15,7
2133,F,11,1
2134,M,11,2
2135,M,2,6
2136,M,19,4
2137,F,11,1
2138,F,5,2
2139,F,4,6
2140,M,15,5
2141,F,17,6
2142,F,15,5
2143,M,5,2
2144,M,1,2
2145,M,11,2
2146,M,3,2
2147,F,1,2
2148,F,1,2
2149,M,1,3
2150,F,5,2
2151,M,14,7
2152,M,5,2
2153,M,17,2
2154,M,13,3
2155,F,11,1
2156,M,20,2
2157,F,4,2
2158,M,13,3
2159,F,15,6
2160,F,20,2
2161,F,3,4
2162,F,11,1
2163,M,1,2
2164,M,1,4
2165,M,8,3
2166,M,11,1
2167,F,7,3
2168,M,11,1
2169,M,1,1
2170,F,17,6
2171,M,1,4
2172,M,21,2
2173,M,14,6
2174,M,13,6
2175,M,5,3
2176,M,20,1
2177,F,21,4
2178,M,15,5
2179,F,1,3
2180,M,13,3
2181,M,1,3
2182,F,5,3
2183,F,2,7
2184,M,5,2
2185,M,18,5
2186,M,6,2
2187,M,17,5
2188,F,20,2
2189,M,11,1
2190,F,16,3
2191,M,5,2
2192,F,1,3
2193,M,11,1
2194,M,18,3
2195,M,11,1
2196,M,13,3
2197,F,2,3
2198,F,10,4
2199,M,11,1
2200,M,2,4
2201,M,21,7
2202,F,11,1
2203,M,13,5
2204,M,4,7
2205,F,8,3
2206,M,8,5
2207,M,5,2
2208,M,1,3
2209,M,8,4
2210,M,18,5
2211,M,7,5
2212,M,5,2
2213,F,1,3
2214,F,2,3
2215,F,1,3
2216,F,21,3
2217,M,11,1
2218,M,18,4
2219,M,7,3
2220,F,4,6
2221,M,18,7
2222,F,2,5
2223,M,3,3
2224,M,13,3
2225,M,6,3
2226,F,8,3
2227,M,15,6
2228,M,13,3
2229,M,1,5
2230,F,2,5
2231,M,12,6
2232,M,15,3
2233,F,4,4
2234,M,2,7
2235,M,11,1
2236,M,11,1
2237,F,7,4
2238,F,5,3
2239,M,11,2
2240,M,13,5
2241,M,6,5
2242,M,5,2
2243,M,3,5
2244,M,11,1
2245,M,11,1
2246,M,1,3
2247,M,3,5
2248,F,13,4
2249,M,6,3
2250,M,20,2
2251,M,15,4
2252,F,2,2
2253,F,1,6
2254,M,6,4
2255,F,7,4
2256,F,16,5
2257,F,5,2
2258,F,5,2
2259,F,17,7
2260,F,21,3
2261,M,6,3
2262,M,18,5
2263,M,7,3
2264,F,8,5
2265,M,14,7
2266,F,3,6
2267,F,14,7
2268,F,2,4
2269,F,1,5
2270,M,2,2
2271,M,15,6
2272,M,1,3
2273,M,7,3
2274,M,3,2
2275,M,8,7
2276,M,14,7
2277,F,10,5
2278,M,18,6
2279,M,8,6
2280,M,7,7
2281,M,12,5
2282,M,3,6
2283,M,19,4
2284,M,21,3
2285,F,11,1
2286,M,18,4
2287,M,1,7
2288,M,11,1
2289,F,2,6
2290,M,1,3
2291,M,2,5
2292,M,16,6
2293,F,4,7
2294,M,14,7
2295,M,12,5
2296,F,7,3
2297,M,14,7
2298,M,18,4
2299,F,11,2
2300,M,14,7
2301,F,13,3
2302,M,13,6
2303,M,18,6
2304,M,13,5
2305,M,21,6
2306,F,5,2
2307,M,18,3
2308,F,17,5
2309,F,1,5
2310,M,13,5
2311,F,5,3
2312,M,1,5
2313,F,7,6
2314,F,2,3
2315,M,8,7
2316,M,1,4
2317,F,10,5
2318,M,8,7
2319,M,8,4
2320,F,2,6
2321,M,8,3
2322,F,14,7
2323,M,4,4
2324,M,18,4
2325,F,5,2
2326,M,5,2
2327,M,11,2
2328,M,8,7
2329,F,16,7
2330,M,8,5
2331,M,2,7
2332,M,15,7
2333,M,7,6
2334,F,8,7
2335,M,18,6
2336,M,19,4
2337,M,18,4
2338,M,18,5
2339,F,4,7
2340,M,3,4
2341,M,2,7
2342,M,4,4
2343,F,2,5
2344,M,13,3
2345,M,17,4
2346,F,11,1
2347,M,2,4
2348,M,13,6
2349,M,9,3
2350,M,5,2
2351,F,1,3
2352,M,14,6
2353,F,10,4
2354,M,12,4
2355,F,10,5
2356,F,17,6
2357,F,15,4
2358,F,7,7
2359,M,14,7
2360,M,7,6
2361,M,8,7
2362,M,15,3
2363,M,15,6
2364,F,10,7
2365,M,8,6
2366,F,17,5
2367,F,10,3
2368,F,14,7
2369,M,15,4
2370,M,2,6
2371,F,8,4
2372,F,8,5
2373,M,8,5
2374,M,15,3
2375,F,8,6
2376,M,2,3
2377,M,1,4
2378,M,4,3
2379,M,19,2
2380,M,5,3
2381,F,10,4
2382,M,14,6
2383,F,15,3
2384,M,18,4
2385,F,3,5
2386,F,1,3
2387,M,18,3
2388,M,6,7
2389,M,17,3
2390,F,7,3
2391,M,19,6
2392,F,4,7
2393,M,14,7
2394,M,7,4
2395,M,8,4
2396,F,1,2
2397,F,12,4
2398,M,1,3
2399,M,18,4
2400,F,17,3
2401,M,5,3
2402,M,18,5
2403,M,5,2
2404,M,8,2
2405,M,9,6
2406,F,13,7
2407,M,17,4
2408,F,2,5
2409,F,10,4
2410,M,8,7
2411,F,15,4
2412,M,14,7
2413,F,8,7
2414,M,2,3
2415,M,8,3
2416,M,8,5
2417,M,2,5
2418,F,11,1
2419,M,1,3
2420,M,8,6
2421,M,8,4
2422,F,10,6
2423,F,10,5
2424,M,18,3
2425,F,15,4
2426,M,1,7
2427,F,15,3
2428,M,18,5
2429,M,3,3
2430,M,5,3
2431,F,5,3
2432,M,5,3
2433,M,5,3
2434,M,5,3
2435,M,5,3
2436,M,8,3
2437,M,5,3
2438,M,2,4
2439,M,18,5
2440,M,18,6
2441,F,7,5
2442,M,18,4
2443,F,1,4
2444,F,5,5
2445,M,1,3
2446,M,8,2
2447,M,15,3
2448,M,7,4
2449,M,14,7
2450,M,17,5
2451,M,13,5
2452,M,8,5
2453,M,8,3
2454,M,1,2
2455,M,8,4
2456,M,6,3
2457,M,1,3
2458,M,8,3
2459,M,8,6
2460,F,2,6
2461,M,5,2
2462,M,2,4
2463,M,8,3
2464,F,5,2
2465,M,7,6
2466,M,16,3
2467,M,11,1
2468,M,2,6
2469,M,5,3
2470,M,19,4
2471,M,14,6
2472,M,19,3
2473,M,13,3
2474,M,13,3
2475,F,19,3
2476,M,13,6
2477,M,1,5
2478,M,2,6
2479,F,2,3
2480,F,21,2
2481,M,15,4
2482,F,4,6
2483,M,14,7
2484,M,6,5
2485,M,15,4
2486,M,13,2
2487,M,8,5
2488,F,3,5
2489,F,10,4
2490,M,13,3
2491,M,8,4
2492,F,3,5
2493,M,3,5
2494,M,5,2
2495,F,5,2
2496,M,2,6
2497,F,15,6
2498,M,19,7
2499,M,1,6
2500,M,2,7
2501,M,16,3
2502,M,14,7
2503,M,18,4
2504,M,8,3
2505,M,8,3
2506,F,15,3
2507,M,5,3
2508,F,4,4
2509,M,6,3
2510,M,8,3
2511,M,8,3
2512,F,15,5
2513,M,2,7
2514,M,15,7
2515,M,13,5
2516,F,7,5
2517,F,10,4
2518,M,8,3
2519,F,3,5
2520,F,3,7
2521,M,18,4
2522,M,12,2
2523,M,18,3
2524,F,10,7
2525,F,2,4
2526,M,14,7
2527,M,16,4
2528,M,1,7
2529,F,10,4
2530,M,1,2
2531,F,8,5
2532,F,14,7
2533,F,4,3
2534,F,7,6
2535,F,3,7
2536,M,14,7
2537,M,12,4
2538,M,14,7
2539,M,8,4
2540,F,7,5
2541,F,6,4
2542,F,14,5
2543,F,1,4
2544,M,2,5
2545,M,14,7
2546,F,14,7
2547,F,1,4
2548,F,7,4
2549,M,14,7
2550,M,8,6
2551,M,13,3
2552,F,10,3
2553,M,8,3
2554,M,2,3
2555,M,8,7
2556,M,5,3
2557,F,20,2
2558,M,18,7
2559,M,11,2
2560,F,7,5
2561,M,16,3
2562,M,1,2
2563,M,14,5
2564,F,21,4
2565,M,6,4
2566,M,18,4
2567,M,1,3
2568,M,18,3
2569,M,1,5
2570,F,15,7
2571,M,18,4
2572,M,15,4
2573,M,17,5
2574,M,7,6
2575,M,8,4
2576,M,18,2
2577,M,8,3
2578,M,8,6
2579,M,16,4
2580,F,2,5
2581,M,12,3
2582,F,2,3
2583,M,8,4
2584,F,2,7
2585,M,16,5
2586,M,21,3
2587,M,8,4
2588,F,14,7
2589,M,1,3
2590,M,5,2
2591,M,2,2
2592,M,8,6
2593,M,17,7
2594,M,8,4
2595,M,5,2
2596,M,8,6
2597,F,1,6
2598,M,18,3
2599,M,13,3
2600,M,15,3
2601,M,17,4
2602,M,13,5
2603,M,18,3
2604,M,1,3
2605,M,8,4
2606,M,8,6
2607,F,1,7
2608,F,2,3
2609,F,13,6
2610,M,8,5
2611,M,4,3
2612,F,4,5
2613,M,2,4
2614,M,8,3
2615,M,8,3
2616,M,8,4
2617,F,16,5
2618,F,5,2
2619,M,13,4
2620,M,5,2
2621,M,1,2
2622,F,7,4
2623,M,2,7
2624,F,1,4
2625,M,8,4
2626,M,2,7
2627,M,2,3
2628,F,3,3
2629,M,12,3
2630,F,6,2
2631,F,2,6
2632,M,1,7
2633,F,10,4
2634,M,2,7
2635,M,1,4
2636,M,13,2
2637,F,21,4
2638,M,15,3
2639,F,7,3
2640,M,13,4
2641,M,7,3
2642,M,1,3
2643,M,18,5
2644,M,16,2
2645,M,8,3
2646,M,18,5
2647,F,12,4
2648,M,18,3
2649,M,17,3
2650,M,8,5
2651,M,15,7
2652,M,21,4
2653,M,8,3
2654,F,10,4
2655,M,8,4
2656,M,14,7
2657,F,11,1
2658,M,8,3
2659,M,15,4
2660,M,18,7
2661,M,14,7
2662,M,18,3
2663,F,5,3
2664,M,8,4
2665,M,12,4
2666,M,17,5
2667,F,7,4
2668,F,5,3
2669,M,1,5
2670,M,7,4
2671,F,13,4
2672,M,8,4
2673,M,8,4
2674,M,5,3
2675,M,19,4
2676,M,21,7
2677,F,8,4
2678,M,7,3
2679,F,5,2
2680,M,13,3
2681,F,5,3
2682,M,5,2
2683,M,8,4
2684,F,1,2
2685,M,8,5
2686,M,1,3
2687,M,11,1
2688,M,18,3
2689,M,13,3
2690,M,8,3
2691,M,5,2
2692,F,5,2
2693,M,14,7
2694,M,5,2
2695,M,12,4
2696,M,8,3
2697,F,18,6
2698,F,3,3
2699,F,14,7
2700,M,8,3
2701,M,2,5
2702,M,7,5
2703,M,12,4
2704,M,14,7
2705,M,2,3
2706,F,2,3
2707,M,14,7
2708,M,8,3
2709,F,1,3
2710,M,18,4
2711,F,5,3
2712,F,20,2
2713,M,8,3
2714,M,5,2
2715,F,5,6
2716,F,5,6
2717,M,5,3
2718,F,5,3
2719,M,13,3
2720,M,1,4
2721,M,15,5
2722,M,8,4
2723,F,10,3
2724,F,3,5
2725,M,8,4
2726,M,12,5
2727,M,12,3
2728,M,13,4
2729,M,8,6
2730,M,12,4
2731,M,8,4
2732,M,18,5
2733,M,18,5
2734,F,5,2
2735,M,8,3
2736,M,13,5
2737,M,4,3
2738,F,3,6
2739,F,8,4
2740,M,18,5
2741,M,15,3
2742,M,18,3
2743,M,15,3
2744,M,18,2
2745,F,2,4
2746,M,15,6
2747,F,5,2
2748,M,5,3
2749,M,13,3
2750,F,16,3
2751,F,17,3
2752,M,16,3
2753,F,21,6
2754,M,13,6
2755,M,8,4
2756,M,5,2
2757,M,3,3
2758,M,9,7
2759,M,8,3
2760,M,1,7
2761,M,7,4
2762,M,17,6
2763,F,5,2
2764,M,8,3
2765,M,8,6
2766,M,8,5
2767,M,1,3
2768,M,18,3
2769,M,8,3
2770,M,2,4
2771,M,2,2
2772,M,18,4
2773,M,3,4
2774,M,2,3
2775,F,5,2
2776,M,15,3
2777,M,5,2
2778,M,14,7
2779,M,8,4
2780,M,18,3
2781,M,5,4
2782,F,5,2
2783,M,18,5
2784,M,21,6
2785,M,14,7
2786,M,5,3
2787,M,5,3
2788,M,2,7
2789,M,5,2
2790,M,21,3
2791,M,8,7
2792,M,5,2
2793,M,8,4
2794,M,3,3
2795,M,14,6
2796,M,15,3
2797,F,8,3
2798,M,21,4
2799,M,1,2
2800,F,5,2
2801,F,4,3
2802,M,21,4
2803,M,8,3
2804,F,1,4
2805,M,20,7
2806,M,11,1
2807,F,12,4
2808,M,17,7
2809,M,8,3
2810,F,11,1
2811,M,20,3
2812,M,18,3
2813,M,21,3
2814,M,8,4
2815,M,18,4
2816,M,8,3
2817,M,13,4
2818,M,13,3
2819,M,15,5
2820,F,1,4
2821,M,21,2
2822,M,8,6
2823,M,5,3
2824,M,5,2
2825,F,21,3
2826,M,13,4
2827,M,18,3
2828,M,5,2
2829,M,21,5
2830,M,8,4
2831,M,1,3
2832,M,18,3
2833,M,16,3
2834,M,2,4
2835,M,21,4
2836,M,13,3
2837,M,1,2
2838,M,2,2
2839,M,18,3
2840,M,1,3
2841,M,13,6
2842,M,18,4
2843,F,5,3
2844,M,21,3
2845,M,5,3
2846,F,5,2
2847,M,5,2
2848,M,1,3
2849,M,12,5
2850,M,21,2
2851,F,8,3
2852,M,13,3
2853,M,2,1
2854,F,5,2
2855,M,5,3
2856,M,12,4
2857,M,1,3
2858,F,11,1
2859,M,2,2
2860,M,18,4
2861,M,16,3
2862,M,8,5
2863,F,3,3
2864,F,4,4
2865,F,7,3
2866,M,8,3
2867,M,18,5
2868,M,13,4
2869,M,18,6
2870,M,19,6
2871,F,15,3
2872,M,21,3
2873,F,5,2
2874,F,21,4
2875,M,3,3
2876,M,18,3
2877,M,2,4
2878,F,21,6
2879,M,5,2
2880,M,13,2
2881,F,13,3
2882,M,21,2
2883,M,21,2
2884,F,4,6
2885,F,2,2
2886,M,5,2
2887,M,4,3
2888,M,15,3
2889,M,4,4
2890,M,8,4
2891,F,5,2
2892,M,5,3
2893,M,2,3
2894,M,5,2
2895,M,12,3
2896,M,15,2
2897,M,6,3
2898,M,5,2
2899,M,15,4
2900,M,13,2
2901,M,18,3
2902,M,13,3
2903,M,17,3
2904,M,5,3
2905,M,18,4
2906,M,20,4
2907,F,6,4
2908,M,3,2
2909,M,8,3
2910,M,20,1
2911,F,5,3
2912,F,5,2
2913,F,21,4
2914,M,5,3
2915,M,8,3
2916,M,3,5
2917,M,1,3
2918,M,13,3
2919,M,18,2
2920,M,3,3
2921,M,2,6
2922,M,18,3
2923,M,13,4
2924,F,5,2
2925,F,5,3
2926,F,3,2
2927,M,13,3
2928,M,3,3
2929,M,3,2
2930,M,18,6
2931,M,5,2
2932,M,13,3
2933,M,12,4
2934,F,21,4
2935,M,1,3
2936,F,5,2
2937,F,5,2
2938,F,1,3
2939,F,16,3
2940,M,1,3
2941,M,13,4
2942,F,2,6
2943,M,13,4
2944,F,5,2
2945,F,18,4
2946,M,17,4
2947,F,1,3
2948,M,15,2
2949,M,18,3
2950,M,1,2
2951,F,15,4
2952,M,5,3
2953,M,21,3
2954,M,3,2
2955,M,15,4
2956,M,13,3
2957,M,5,2
2958,M,8,3
2959,M,18,4
2960,M,5,2
2961,M,18,6
2962,M,4,4
2963,F,5,2
2964,M,18,3
2965,F,5,4
2966,F,5,3
2967,M,1,3
2968,F,1,2
2969,M,8,3
2970,M,5,2
2971,M,5,3
2972,M,5,3
2973,F,5,2
2974,M,5,2
2975,M,12,4
2976,M,21,2
2977,F,5,2
2978,M,21,4
2979,M,3,4
2980,M,8,5
2981,M,7,5
2982,M,5,3
2983,M,5,2
2984,M,5,3
2985,M,5,2
2986,M,5,3
2987,M,5,2
2988,F,7,2
2989,M,13,4
2990,M,13,4
2991,M,2,6
2992,M,5,2
2993,M,20,2
2994,M,6,4
2995,M,16,3
2996,M,1,2
2997,F,17,4
2998,F,2,3
2999,M,8,3
3000,M,5,3
3001,M,5,2
3002,M,12,5
3003,M,16,2
3004,F,5,2
3005,M,18,3
3006,M,5,2
3007,M,1,4
3008,M,5,2
3009,F,4,4
3010,M,13,3
3011,M,2,3
3012,M,13,3
3013,M,18,5
3014,M,8,4
3015,M,7,7
3016,M,13,2
3017,F,10,4
3018,M,1,4
3019,M,13,6
3020,F,8,4
3021,F,16,5
3022,M,18,3
3023,F,8,3
3024,M,18,4
3025,F,1,4
3026,F,5,2
3027,M,5,2
3028,M,11,1
3029,M,5,2
3030,M,2,4
3031,M,5,2
3032,M,1,3
3033,M,5,2
3034,F,2,2
3035,F,8,3
3036,M,14,7
3037,F,3,3
3038,F,3,4
3039,F,4,6
3040,M,9,3
3041,M,5,3
3042,M,2,7
3043,M,3,2
3044,M,17,4
3045,M,2,5
3046,M,5,1
3047,F,5,3
3048,M,3,2
3049,F,1,6
3050,M,13,4
3051,M,18,2
3052,M,13,4
3053,F,4,3
3054,M,5,2
3055,F,4,3
3056,M,19,3
3057,F,13,3
3058,M,13,2
3059,M,1,4
3060,F,2,4
3061,M,3,5
3062,M,5,2
3063,M,5,2
3064,M,18,4
3065,F,5,2
3066,M,5,2
3067,F,1,3
3068,F,10,4
3069,M,5,2
3070,F,5,2
3071,M,2,3
3072,M,2,6
3073,M,1,3
3074,M,1,3
3075,F,12,3
3076,M,18,4
3077,M,5,2
3078,F,2,4
3079,F,2,3
3080,M,21,3
3081,M,8,3
3082,F,7,4
3083,F,1,6
3084,M,17,3
3085,M,5,3
3086,M,13,2
3087,F,2,1
3088,F,5,3
3089,M,17,5
3090,M,3,3
3091,F,1,3
3092,M,16,4
3093,F,21,5
3094,M,1,4
3095,F,4,3
3096,F,4,5
3097,F,6,3
3098,M,5,3
3099,M,18,3
3100,F,7,3
3101,M,16,2
3102,M,13,3
3103,M,21,3
3104,M,18,2
3105,M,13,4
3106,M,1,3
3107,M,18,3
3108,M,7,6
3109,F,12,3
3110,M,1,3
3111,M,5,2
3112,M,13,2
3113,M,11,3
3114,M,6,2
3115,M,18,4
3116,M,13,3
3117,M,1,4
3118,M,1,3
3119,M,2,5
3120,M,5,2
3121,M,3,3
3122,F,8,3
3123,M,3,3
3124,M,13,3
3125,M,8,3
3126,M,3,3
3127,F,1,3
3128,M,3,2
3129,M,8,3
3130,M,8,3
3131,F,3,3
3132,M,8,4
3133,M,5,2
3134,M,5,2
3135,M,16,3
3136,F,5,3
3137,M,12,3
3138,M,18,4
3139,M,14,7
3140,F,5,3
3141,M,15,3
3142,M,21,3
3143,F,17,6
3144,F,8,3
3145,M,5,2
3146,M,1,3
3147,M,15,3
3148,M,21,2
3149,M,5,2
3150,F,4,3
3151,F,1,3
3152,M,5,2
3153,F,5,3
3154,F,5,3
3155,M,8,3
3156,M,8,4
3157,M,13,3
3158,M,16,3
3159,F,16,3
3160,M,18,3
3161,M,8,3
3162,M,2,3
3163,M,16,2
3164,M,13,2
3165,M,8,4
3166,M,5,2
3167,M,3,3
3168,F,6,4
3169,M,1,6
3170,M,1,3
3171,F,4,6
3172,M,13,2
3173,M,13,3
3174,F,15,2
3175,M,17,4
3176,M,18,3
3177,F,7,3
3178,F,6,4
3179,F,21,2
3180,M,15,3
3181,M,13,3
3182,M,13,3
3183,M,8,6
3184,F,19,3
3185,M,8,2
3186,M,2,6
3187,M,13,4
3188,M,14,7
3189,M,17,3
3190,M,18,1
3191,M,13,3
3192,M,5,2
3193,M,1,3
3194,M,16,3
3195,M,5,2
3196,F,5,2
3197,F,15,2
3198,M,13,3
3199,M,1,2
3200,F,2,3
3201,M,8,5
3202,F,5,2
3203,M,1,4
3204,M,17,5
3205,F,17,4
3206,M,21,2
3207,M,8,4
3208,M,15,3
3209,M,1,3
3210,F,1,5
3211,M,17,6
3212,F,18,3
3213,F,2,3
3214,F,8,7
3215,F,14,6
3216,M,2,4
3217,F,1,4
3218,M,7,7
3219,F,5,2
3220,M,8,4
3221,M,1,3
3222,M,8,4
3223,M,21,3
3224,F,15,3
3225,M,1,2
3226,M,5,4
3227,F,15,3
3228,M,15,3
3229,F,2,7
3230,M,17,4
3231,M,8,3
3232,M,13,4
3233,M,3,6
3234,F,1,1
3235,M,5,2
3236,M,16,2
3237,M,8,4
3238,M,8,4
3239,F,13,3
3240,M,5,2
3241,F,1,6
3242,M,14,6
3243,M,13,3
3244,F,5,2
3245,M,3,2
3246,F,2,4
3247,M,16,4
3248,F,8,3
3249,F,5,3
3250,M,5,3
3251,M,18,4
3252,M,1,6
3253,F,5,4
3254,F,7,4
3255,F,16,3
3256,M,16,3
3257,M,15,3
3258,M,7,5
3259,F,5,2
3260,M,5,3
3261,M,21,5
3262,M,15,3
3263,M,12,6
3264,F,2,3
3265,M,16,3
3266,F,5,3
3267,M,5,3
3268,M,13,3
3269,F,21,2
3270,M,12,2
3271,F,1,4
3272,M,1,4
3273,M,8,4
3274,M,21,3
3275,M,8,4
3276,M,21,3
3277,M,18,3
3278,M,8,4
3279,M,16,5
3280,M,8,3
3281,M,18,3
3282,M,4,5
3283,M,17,4
3284,M,7,3
3285,M,5,3
3286,F,8,4
3287,M,14,7
3288,M,15,3
3289,M,7,5
3290,M,15,3
3291,F,8,3
3292,F,7,6
3293,M,15,5
3294,M,5,2
3295,M,19,2
3296,M,15,2
3297,M,5,2
3298,M,11,1
3299,F,5,3
3300,M,6,4
3301,F,3,3
3302,M,18,3
3303,M,18,7
3304,F,6,5
3305,M,21,7
3306,M,15,5
3307,M,7,6
3308,F,21,2
3309,M,18,3
3310,M,15,5
3311,M,5,3
3312,F,5,2
3313,M,21,4
3314,M,8,3
3315,M,13,3
3316,M,20,1
3317,M,5,3
3318,M,14,7
3319,F,14,7
3320,M,2,3
3321,M,2,4
3322,F,5,2
3323,M,15,4
3324,M,18,4
3325,F,15,4
3326,M,8,5
3327,M,13,2
3328,M,20,7
3329,M,19,6
3330,F,2,4
3331,F,8,3
3332,M,8,3
3333,M,17,2
3334,M,1,4
3335,M,1,3
3336,M,18,4
3337,M,5,3
3338,M,17,5
3339,M,18,3
3340,M,17,5
3341,M,21,3
3342,F,6,3
3343,F,5,2
3344,M,1,4
3345,M,8,3
3346,M,8,4
3347,F,8,4
3348,M,17,5
3349,F,5,2
3350,F,1,2
3351,F,6,2
3352,M,1,4
3353,M,18,4
3354,M,8,3
3355,M,2,3
3356,M,8,4
3357,M,19,3
3358,F,2,3
3359,M,21,3
3360,F,1,3
3361,M,5,3
3362,F,1,3
3363,F,10,4
3364,M,14,7
3365,M,18,6
3366,M,15,4
3367,M,17,6
3368,M,15,3
3369,M,19,5
3370,M,5,2
3371,M,3,3
3372,M,14,7
3373,M,17,2
3374,M,6,4
3375,M,5,3
3376,M,17,4
3377,M,18,3
3378,M,5,2
3379,M,2,4
3380,M,1,6
3381,M,1,3
3382,F,11,1
3383,M,17,7
3384,M,8,4
3385,F,10,3
3386,M,5,2
3387,M,2,2
3388,F,2,3
3389,M,1,2
3390,F,21,5
3391,M,5,2
3392,M,7,6
3393,M,13,4
3394,M,8,4
3395,M,8,3
3396,M,13,3
3397,M,6,3
3398,M,21,2
3399,M,5,3
3400,M,15,3
3401,M,8,4
3402,M,21,4
3403,M,6,4
3404,M,9,3
3405,M,15,4
3406,F,8,3
3407,F,6,5
3408,M,18,3
3409,M,5,3
3410,M,2,4
3411,M,5,2
3412,M,19,3
3413,F,18,3
3414,M,18,3
3415,M,8,4
3416,M,13,3
3417,F,3,2
3418,F,4,2
3419,M,2,5
3420,F,8,3
3421,M,8,5
3422,M,6,3
3423,M,8,3
3424,M,7,3
3425,M,21,2
3426,M,21,3
3427,M,15,3
3428,M,2,5
3429,F,8,3
3430,F,2,5
3431,F,7,5
3432,M,13,3
3433,M,13,2
3434,M,5,2
3435,M,2,5
3436,M,1,4
3437,F,1,3
3438,F,1,3
3439,M,18,2
3440,M,18,7
3441,F,15,3
3442,M,13,2
3443,F,18,4
3444,M,15,6
3445,F,21,4
3446,M,8,3
3447,M,13,3
3448,F,4,2
3449,M,15,3
3450,M,6,3
3451,F,12,3
3452,M,15,3
3453,M,8,4
3454,M,1,2
3455,F,1,3
3456,M,18,3
3457,M,21,3
3458,M,1,5
3459,M,5,2
3460,M,5,1
3461,M,1,4
3462,F,5,3
3463,M,16,3
3464,F,15,3
3465,M,15,3
3466,M,15,3
3467,M,15,3
3468,M,21,3
3469,M,18,5
3470,M,18,4
3471,M,5,2
3472,M,7,3
3473,F,17,4
3474,M,12,4
3475,M,15,3
3476,M,1,6
3477,F,2,6
3478,M,8,3
3479,M,5,2
3480,M,1,3
3481,M,5,2
3482,M,18,6
3483,F,8,5
3484,M,5,2
3485,M,1,3
3486,F,1,2
3487,M,5,2
3488,M,18,5
3489,M,5,2
3490,M,1,3
3491,M,17,3
3492,M,8,4
3493,M,18,3
3494,M,2,3
3495,M,5,2
3496,M,6,4
3497,F,3,4
3498,M,18,3
3499,M,4,3
3500,M,8,4
3501,F,8,4
3502,F,8,2
3503,M,5,2
3504,M,8,2
3505,F,16,3
3506,M,13,2
3507,M,1,3
3508,M,5,2
3509,M,5,2
3510,F,5,2
3511,M,1,6
3512,M,18,2
3513,M,17,3
3514,M,13,2
3515,M,4,4
3516,M,5,2
3517,M,13,2
3518,F,8,2
3519,F,15,3
3520,M,1,3
3521,M,1,3
3522,M,1,2
3523,M,8,4
3524,F,1,3
3525,F,5,2
3526,M,3,4
3527,M,1,3
3528,M,6,4
3529,F,2,5
3530,M,1,3
3531,F,12,3
3532,F,15,4
3533,M,3,3
3534,M,18,4
3535,M,19,5
3536,M,5,2
3537,M,11,1
3538,M,1,4
3539,F,5,3
3540,M,18,2
3541,M,4,3
3542,M,16,3
3543,M,18,3
3544,F,5,3
3545,M,13,4
3546,M,21,3
3547,M,17,4
3548,M,8,5
3549,F,8,4
3550,M,6,3
3551,F,1,7
3552,F,3,4
3553,M,17,4
3554,M,16,3
3555,M,8,7
3556,M,18,3
3557,M,6,2
3558,M,18,2
3559,M,5,2
3560,F,7,3
3561,M,15,4
3562,F,7,3
3563,M,3,3
3564,M,12,3
3565,M,19,3
3566,M,1,5
3567,M,15,3
3568,M,1,3
3569,F,3,2
3570,M,13,4
3571,M,5,2
3572,M,12,4
3573,M,11,1
3574,F,7,4
3575,M,19,3
3576,M,8,6
3577,F,1,7
3578,M,4,6
3579,M,1,2
3580,F,4,2
3581,M,2,2
3582,F,1,4
3583,F,10,3
3584,M,1,2
3585,M,21,4
3586,M,21,4
3587,M,4,4
3588,M,3,3
3589,F,1,5
3590,F,16,2
3591,M,7,4
3592,F,3,7
3593,F,10,3
3594,M,1,1
3595,M,1,3
3596,F,5,4
3597,M,18,3
3598,M,2,7
3599,M,17,3
3600,M,21,4
3601,F,4,4
3602,M,13,3
3603,F,8,4
3604,F,11,1
3605,M,13,2
3606,F,16,3
3607,M,18,4
3608,F,10,4
3609,F,18,3
3610,M,7,2
3611,M,3,3
3612,M,15,3
3613,M,1,3
3614,M,1,3
3615,M,18,3
3616,M,1,5
3617,M,8,4
3618,M,18,7
3619,M,17,6
3620,M,8,3
3621,M,5,2
3622,M,2,2
3623,M,12,4
3624,M,13,3
3625,M,11,2
3626,M,18,3
3627,F,2,4
3628,M,8,3
3629,F,8,6
3630,M,5,2
3631,M,5,2
3632,M,12,6
3633,M,19,4
3634,M,2,6
3635,M,2,6
3636,M,1,3
3637,M,7,3
3638,M,3,3
3639,M,5,2
3640,M,8,4
3641,M,1,3
3642,F,8,3
3643,M,18,3
3644,F,12,3
3645,M,18,4
3646,M,21,4
3647,M,8,3
3648,M,5,2
3649,F,1,3
3650,M,1,3
3651,M,15,3
3652,M,13,3
3653,M,16,2
3654,M,18,3
3655,F,8,3
3656,F,6,5
3657,M,18,2
3658,F,8,3
3659,M,5,2
3660,M,8,4
3661,M,13,4
3662,M,17,4
3663,F,10,4
3664,F,2,4
3665,M,1,3
3666,M,1,5
3667,F,11,1
3668,F,8,5
3669,M,15,3
3670,M,15,5
3671,M,5,3
3672,M,6,4
3673,M,3,3
3674,M,21,3
3675,M,8,4
3676,F,13,4
3677,F,13,3
3678,M,1,3
3679,M,5,3
3680,F,2,3
3681,M,8,3
3682,F,2,6
3683,M,3,3
3684,M,18,3
3685,M,6,3
3686,M,8,3
3687,F,2,6
3688,M,7,2
3689,M,1,3
3690,M,1,2
3691,M,8,3
3692,M,18,4
3693,M,16,3
3694,M,13,3
3695,M,3,3
3696,M,8,4
3697,M,16,3
3698,M,8,3
3699,F,4,7
3700,M,15,3
3701,M,2,4
3702,M,16,4
3703,M,13,2
3704,F,1,4
3705,M,8,5
3706,M,13,3
3707,F,1,2
3708,M,8,7
3709,M,13,3
3710,M,11,1
3711,M,1,4
3712,M,18,3
3713,F,8,3
3714,M,18,3
3715,M,6,2
3716,M,13,2
3717,M,18,4
3718,M,18,6
3719,M,2,3
3720,M,8,5
3721,M,16,3
3722,M,19,3
3723,M,15,3
3724,M,7,4
3725,M,5,2
3726,M,18,3
3727,M,8,4
3728,M,5,2
3729,M,5,2
3730,M,2,3
3731,M,18,3
3732,M,18,3
3733,M,5,2
3734,M,5,2
3735,M,1,3
3736,M,2,4
3737,M,15,3
3738,M,8,5
3739,M,12,7
3740,M,6,2
3741,M,1,3
3742,M,1,3
3743,F,8,4
3744,M,1,3
3745,F,10,3
3746,M,6,3
3747,M,14,5
3748,M,5,2
3749,F,1,3
3750,F,5,2
3751,F,13,4
3752,F,2,2
3753,M,8,3
3754,M,8,7
3755,F,15,6
3756,M,13,2
3757,M,8,3
3758,F,6,4
3759,M,7,4
3760,M,1,6
3761,M,18,3
3762,M,7,6
3763,M,3,3
3764,M,2,3
3765,F,4,6
3766,F,2,2
3767,M,1,3
3768,M,5,3
3769,M,16,3
3770,F,4,4
3771,M,2,3
3772,M,18,4
3773,M,7,4
3774,M,1,3
3775,M,13,4
3776,F,5,3
3777,M,5,2
3778,M,1,3
3779,F,3,5
3780,M,1,1
3781,F,12,7
3782,F,1,3
3783,M,8,3
3784,F,2,3
3785,F,21,3
3786,F,1,3
3787,F,1,3
3788,F,1,2
3789,F,1,3
3790,F,18,3
3791,M,19,6
3792,M,7,3
3793,M,5,2
3794,F,5,2
3795,F,5,2
3796,M,15,5
3797,M,8,3
3798,M,8,3
3799,M,1,2
3800,M,2,2
3801,M,13,2
3802,M,1,2
3803,F,10,4
3804,M,7,3
3805,F,2,4
3806,M,5,2
3807,F,20,4
3808,M,8,3
3809,M,7,4
3810,M,8,6
3811,M,16,3
3812,M,18,4
3813,M,8,4
3814,M,16,3
3815,M,18,3
3816,F,4,3
3817,M,4,4
3818,M,18,5
3819,M,13,3
3820,M,18,3
3821,M,21,3
3822,M,21,5
3823,M,8,7
3824,M,18,3
3825,M,2,2
3826,M,2,3
3827,M,3,6
3828,M,21,3
3829,F,2,3
3830,M,5,2
3831,F,7,2
3832,F,8,3
3833,M,2,3
3834,M,3,2
3835,M,8,3
3836,F,9,6
3837,M,18,3
3838,F,15,3
3839,M,15,6
3840,F,1,3
3841,M,19,5
3842,F,17,4
3843,F,11,1
3844,M,5,2
3845,M,13,3
3846,M,1,4
3847,M,8,3
3848,M,16,3
3849,M,1,4
3850,M,4,2
3851,M,13,3
3852,M,17,6
3853,M,15,3
3854,M,15,3
3855,M,18,3
3856,F,21,4
3857,M,15,2
3858,F,10,5
3859,M,1,3
3860,M,18,5
3861,M,5,2
3862,M,18,3
3863,M,1,3
3864,M,21,6
3865,F,11,1
3866,M,15,5
3867,M,4,4
3868,M,13,2
3869,M,18,2
3870,M,18,3
3871,M,5,2
3872,M,2,3
3873,F,3,5
3874,M,8,3
3875,M,1,3
3876,M,1,3
3877,M,2,5
3878,M,17,4
3879,M,4,3
3880,M,8,3
3881,M,3,2
3882,M,15,7
3883,M,17,6
3884,M,5,2
3885,M,13,3
3886,M,8,4
3887,M,5,2
3888,M,18,5
3889,M,7,5
3890,M,5,2
3891,F,17,7
3892,M,21,3
3893,M,7,3
3894,M,17,4
3895,F,1,4
3896,M,1,4
3897,M,18,7
3898,M,12,5
3899,M,18,3
3900,F,15,3
3901,M,15,2
3902,M,6,3
3903,M,1,3
3904,M,11,1
3905,M,18,3
3906,M,18,6
3907,F,15,2
3908,M,1,3
3909,M,18,2
3910,M,21,3
3911,M,1,2
3912,M,5,3
3913,M,18,2
3914,M,5,4
3915,F,4,4
3916,M,5,3
3917,F,10,4
3918,M,19,3
3919,M,1,5
3920,M,18,4
3921,M,15,3
3922,M,5,2
3923,M,3,4
3924,M,13,6
3925,M,13,3
3926,M,3,3
3927,F,17,3
3928,M,1,3
3929,M,6,3
3930,M,4,7
3931,M,6,3
3932,M,8,3
3933,F,7,4
3934,M,1,3
3935,M,19,4
3936,F,13,4
3937,M,3,7
3938,M,3,3
3939,M,8,5
3940,M,21,4
3941,M,18,5
3942,M,5,2
3943,F,8,4
3944,F,17,4
3945,F,2,5
3946,F,13,3
3947,M,1,3
3948,F,13,5
3949,M,1,5
3950,M,5,3
3951,F,5,2
3952,F,2,5
3953,M,13,3
3954,M,5,2
3955,M,1,4
3956,M,1,3
3957,M,12,4
3958,M,8,5
3959,F,2,5
3960,F,15,4
3961,M,2,3
3962,F,1,7
3963,M,21,6
3964,M,17,7
3965,M,12,2
3966,M,1,3
3967,F,3,2
3968,M,3,3
3969,M,8,7
3970,F,3,3
3971,F,5,2
3972,F,7,3
3973,M,8,3
3974,M,1,4
3975,F,6,3
3976,F,1,3
3977,M,15,4
3978,M,14,4
3979,F,10,6
3980,M,5,3
3981,F,1,5
3982,M,14,7
3983,M,1,3
3984,M,8,3
3985,M,17,5
3986,M,8,3
3987,F,5,2
3988,F,15,3
3989,M,13,6
3990,M,17,3
3991,M,8,3
3992,M,5,3
3993,M,1,3
3994,M,8,6
3995,M,18,4
3996,M,15,2
3997,M,18,4
3998,M,1,5
3999,M,18,4
4000,M,8,4
4001,F,2,3
4002,M,17,5
4003,M,14,7
4004,M,1,6
4005,M,8,4
4006,M,8,1
4007,M,13,4
4008,M,2,2
4009,M,8,2
4010,M,15,3
4011,M,18,3
4012,M,5,2
4013,M,2,3
4014,M,1,3
4015,F,4,5
4016,M,1,6
4017,M,15,3
4018,F,21,5
4019,M,18,4
4020,M,7,3
4021,M,21,6
4022,M,15,4
4023,F,10,4
4024,M,6,3
4025,F,7,7
4026,M,8,3
4027,F,8,3
4028,M,5,3
4029,F,4,7
4030,M,8,4
4031,M,1,3
4032,M,13,3
4033,M,7,3
4034,M,1,3
4035,M,5,2
4036,M,2,3
4037,M,17,6
4038,M,7,6
4039,M,17,3
4040,M,21,3
4041,M,4,2
4042,M,16,4
4043,F,16,3
4044,F,4,4
4045,M,14,7
4046,M,18,5
4047,M,5,2
4048,F,2,4
4049,M,12,5
4050,M,7,4
4051,M,15,2
4052,M,3,3
4053,M,19,3
4054,M,4,4
4055,M,1,6
4056,M,11,1
4057,M,7,4
4058,M,7,3
4059,M,15,3
4060,M,19,3
4061,M,7,6
4062,M,8,3
4063,F,2,4
4064,M,1,5
4065,F,6,5
4066,M,1,3
4067,M,21,5
4068,M,4,7
4069,M,16,4
4070,M,16,3
4071,M,18,3
4072,M,7,6
4073,M,7,3
4074,M,7,4
4075,M,17,3
4076,M,18,3
4077,F,3,4
4078,M,16,3
4079,M,18,4
4080,M,2,4
4081,M,13,2
4082,M,21,3
4083,M,15,7
4084,M,14,7
4085,F,7,3
4086,F,11,1
4087,M,5,1
4088,M,4,3
4089,M,8,3
4090,M,7,7
4091,M,18,3
4092,F,1,3
4093,M,5,3
4094,M,18,3
4095,M,1,3
4096,M,16,3
4097,M,8,3
4098,M,8,4
4099,M,18,4
4100,M,7,7
4101,M,5,2
4102,M,11,1
4103,M,17,2
4104,M,17,2
4105,M,8,6
4106,M,17,3
4107,F,1,3
4108,M,18,4
4109,M,4,4
4110,F,8,5
4111,M,16,3
4112,M,19,5
4113,M,18,4
4114,M,15,4
4115,M,16,3
4116,M,8,4
4117,M,5,2
4118,M,4,3
4119,M,2,6
4120,M,17,3
4121,M,8,5
4122,M,20,2
4123,F,5,3
4124,M,19,3
4125,M,3,4
4126,M,18,3
4127,M,18,6
4128,M,7,4
4129,M,12,7
4130,M,7,4
4131,M,8,5
4132,M,18,3
4133,M,5,5
4134,F,13,5
4135,M,11,1
4136,M,17,6
4137,M,8,3
4138,M,8,3
4139,M,15,7
4140,M,1,3
4141,M,18,4
4142,M,8,7
4143,F,6,3
4144,M,5,2
4145,F,2,6
4146,M,18,4
4147,F,8,6
4148,F,8,4
4149,M,2,4
4150,M,1,3
4151,M,21,5
4152,M,15,3
4153,M,18,6
4154,M,2,3
4155,M,18,6
4156,M,21,7
4157,M,19,6
4158,F,11,1
4159,F,10,6
4160,M,21,4
4161,M,1,5
4162,F,15,3
4163,M,8,7
4164,M,2,4
4165,F,15,3
4166,F,8,3
4167,M,21,3
4168,F,7,5
4169,M,1,6
4170,M,8,5
4171,M,17,7
4172,M,8,4
4173,F,12,2
4174,F,4,4
4175,M,1,4
4176,M,8,5
4177,M,18,4
4178,F,17,6
4179,F,21,4
4180,M,14,7
4181,F,8,3
4182,M,19,3
4183,M,2,3
4184,M,8,6
4185,M,15,3
4186,M,8,3
4187,F,21,7
4188,M,8,6
4189,M,15,4
4190,M,18,5
4191,F,16,5
4192,M,18,4
4193,M,14,7
4194,M,5,2
4195,F,14,7
4196,M,15,4
4197,F,2,5
4198,M,5,2
4199,F,10,3
4200,M,8,5
4201,F,1,3
4202,M,8,3
4203,M,19,3
4204,M,8,4
4205,F,16,3
4206,F,2,4
4207,M,2,4
4208,F,1,4
4209,M,1,7
4210,M,18,3
4211,M,6,5
4212,M,19,7
4213,M,8,4
4214,F,1,3
4215,M,8,3
4216,M,18,3
4217,M,5,2
4218,M,18,6
4219,M,18,4
4220,M,1,4
4221,M,5,4
4222,F,18,5
4223,F,18,4
4224,F,2,5
4225,F,4,3
4226,F,7,4
4227,M,20,3
4228,M,19,6
4229,M,18,4
4230,M,14,7
4231,F,19,6
4232,F,21,4
4233,M,5,4
4234,F,4,5
4235,M,3,6
4236,F,4,3
4237,M,15,3
4238,M,17,4
4239,M,8,6
4240,M,18,4
4241,M,8,4
4242,M,8,6
4243,M,8,7
4244,M,18,4
4245,M,13,6
4246,F,8,4
4247,M,5,3
4248,M,5,3
4249,F,18,2
4250,F,1,6
4251,M,8,5
4252,F,4,4
4253,M,12,5
4254,M,18,3
4255,M,13,6
4256,F,3,1
4257,M,17,6
4258,M,18,3
4259,M,18,4
4260,M,17,3
4261,F,7,4
4262,F,7,4
4263,M,8,3
4264,M,2,5
4265,M,13,3
4266,M,14,7
4267,M,8,4
4268,F,21,5
4269,M,19,4
4270,M,8,5
4271,M,8,4
4272,M,18,5
4273,M,14,5
4274,F,2,5
4275,F,17,5
4276,F,1,5
4277,M,17,4
4278,F,8,5
4279,M,17,3
4280,M,18,4
4281,M,14,7
4282,M,1,4
4283,F,10,3
4284,M,8,6
4285,M,1,4
4286,M,18,4
4287,M,8,3
4288,F,10,3
4289,M,15,4
4290,M,18,3
4291,M,15,4
4292,M,1,3
4293,F,10,5
4294,M,11,1
4295,M,19,2
4296,M,7,7
4297,M,16,5
4298,F,15,2
4299,F,3,3
4300,F,5,2
4301,M,12,4
4302,M,2,6
4303,M,3,3
4304,M,1,2
4305,F,18,5
4306,M,8,5
4307,M,1,3
4308,M,1,3
4309,M,1,3
4310,M,5,3
4311,M,14,6
4312,M,19,3
4313,F,8,3
4314,M,18,3
4315,M,5,2
4316,M,7,3
4317,F,15,4
4318,M,6,3
4319,M,8,4
4320,M,6,3
4321,M,8,5
4322,F,7,6
4323,M,5,2
4324,M,6,3
4325,M,1,3
4326,F,14,5
4327,M,18,4
4328,M,4,6
4329,F,15,3
4330,F,7,5
4331,M,7,4
4332,F,4,3
4333,M,3,6
4334,M,2,3
4335,M,1,4
4336,F,1,3
4337,M,21,2
4338,F,6,2
4339,M,3,3
4340,F,18,3
4341,M,18,4
4342,M,1,3
4343,M,13,3
4344,M,2,3
4345,F,15,3
4346,M,18,2
4347,F,21,2
4348,M,1,5
4349,M,3,2
4350,M,3,2
4351,M,13,3
4352,M,5,2
4353,M,8,3
4354,M,15,4
4355,M,15,6
4356,M,17,4
4357,F,10,4
4358,M,18,4
4359,M,5,2
4360,F,10,3
4361,M,16,4
4362,M,18,3
4363,M,15,4
4364,M,19,3
4365,F,17,6
4366,M,16,2
4367,M,1,4
4368,M,18,2
4369,M,8,6
4370,M,17,3
4371,F,5,2
4372,M,18,4
4373,M,13,6
4374,M,5,2
4375,F,6,3
4376,F,6,3
4377,M,1,3
4378,M,18,2
4379,M,5,3
4380,F,2,3
4381,M,5,3
4382,M,19,3
4383,F,5,2
4384,M,1,3
4385,M,5,3
4386,M,6,3
4387,F,5,2
4388,M,4,5
4389,M,5,3
4390,M,1,3
4391,F,5,2
4392,M,5,2
4393,M,5,2
4394,M,5,3
4395,M,7,6
4396,M,2,2
4397,M,5,2
4398,F,5,2
4399,F,5,2
4400,F,5,2
4401,M,5,2
4402,F,15,2
4403,M,16,3
4404,M,2,3
4405,M,15,3
4406,M,17,3
4407,M,5,2
4408,F,3,5
4409,M,15,3
4410,M,20,2
4411,M,5,2
4412,M,5,2
4413,M,14,1
4414,M,5,3
4415,M,1,2
4416,M,5,2
4417,M,16,3
4418,F,1,6
4419,F,13,5
4420,M,16,3
4421,M,1,5
4422,M,6,3
4423,M,5,2
4424,M,8,3
4425,M,8,4
4426,M,18,5
4427,M,1,2
4428,M,15,3
4429,M,6,3
4430,F,1,3
4431,M,15,1
4432,M,13,3
4433,M,1,3
4434,F,8,4
4435,M,8,3
4436,M,13,3
4437,F,6,4
4438,M,1,6
4439,M,7,4
4440,M,2,4
4441,M,5,2
4442,M,16,6
4443,M,3,7
4444,F,13,3
4445,M,4,3
4446,M,19,2
4447,M,6,5
4448,M,15,3
4449,M,13,3
4450,M,16,3
4451,M,15,3
4452,F,8,3
4453,M,1,4
4454,M,21,3
4455,M,8,4
4456,F,3,4
4457,M,15,4
4458,F,5,3
4459,M,2,3
4460,M,15,3
4461,M,21,3
4462,F,1,3
4463,M,8,6
4464,F,2,6
4465,M,5,2
4466,M,12,4
4467,F,7,6
4468,F,8,4
4469,F,13,5
4470,M,13,4
4471,M,7,3
4472,F,17,5
4473,M,2,4
4474,M,8,4
4475,M,5,2
4476,M,2,5
4477,M,8,3
4478,M,13,1
4479,M,14,6
4480,M,1,3
4481,M,19,3
4482,F,2,4
4483,F,7,3
4484,F,18,3
4485,M,5,3
4486,M,9,4
4487,M,8,3
4488,M,8,4
4489,M,5,2
4490,M,6,4
4491,M,5,2
4492,M,14,7
4493,F,11,1
4494,M,1,5
4495,M,5,2
4496,M,3,5
4497,M,1,6
4498,M,8,6
4499,M,7,3
4500,M,8,6
4501,M,18,3
4502,M,1,6
4503,M,2,7
4504,F,1,3
4505,M,8,6
4506,M,17,6
4507,M,5,2
4508,M,21,3
4509,M,8,3
4510,M,8,5
4511,M,8,4
4512,M,2,3
4513,M,1,7
4514,M,4,2
4515,M,14,7
4516,M,5,2
4517,F,2,2
4518,M,1,3
4519,M,8,6
4520,M,5,3
4521,M,13,4
4522,M,2,5
4523,M,3,2
4524,M,3,3
4525,M,15,3
4526,M,21,3
4527,M,1,2
4528,M,15,3
4529,M,7,4
4530,F,2,4
4531,M,5,2
4532,M,8,3
4533,M,13,3
4534,M,5,2
4535,M,20,2
4536,M,13,2
4537,F,2,5
4538,M,13,3
4539,M,20,4
4540,F,15,3
4541,M,11,1
4542,M,1,4
4543,M,3,3
4544,M,2,7
4545,M,17,3
4546,M,8,3
4547,M,13,2
4548,M,3,2
4549,F,11,1
4550,M,17,2
4551,M,13,2
4552,M,1,3
4553,F,17,4
4554,F,10,3
4555,F,10,2
4556,M,17,5
4557,M,15,3
4558,M,15,4
4559,M,8,3
4560,M,1,3
4561,F,10,3
4562,M,11,4
4563,F,7,3
4564,M,13,4
4565,M,15,4
4566,M,18,4
4567,M,5,2
4568,F,5,3
4569,M,1,3
4570,M,18,5
4571,M,8,4
4572,F,11,1
4573,M,17,6
4574,M,5,3
4575,F,11,1
4576,F,8,3
4577,M,8,4
4578,M,1,3
4579,F,5,2
4580,F,14,7
4581,M,2,3
4582,F,1,3
4583,M,2,6
4584,F,1,5
4585,M,8,4
4586,M,5,3
4587,M,15,4
4588,F,5,3
4589,M,18,3
4590,F,21,2
4591,M,16,3
4592,M,5,2
4593,F,2,5
4594,M,17,4
4595,M,19,3
4596,F,5,2
4597,F,5,3
4598,F,4,4
4599,F,1,4
4600,M,1,3
4601,M,15,4
4602,M,8,4
4603,F,3,4
4604,M,16,3
4605,M,16,3
4606,F,11,1
4607,M,1,3
4608,F,1,3
4609,F,5,3
4610,F,5,3
4611,F,5,2
4612,F,5,2
4613,M,13,3
4614,F,2,5
4615,M,18,3
4616,M,21,3
4617,F,7,3
4618,M,15,3
4619,F,2,3
4620,F,18,2
4621,M,5,3
4622,M,13,3
4623,M,17,3
4624,M,13,3
4625,M,8,3
4626,M,15,3
4627,M,2,7
4628,F,7,7
4629,F,5,2
4630,F,5,3
4631,M,5,2
4632,M,1,3
4633,M,1,1
4634,M,21,6
4635,M,5,2
4636,M,3,2
4637,F,10,4
4638,M,5,3
4639,M,12,4
4640,M,5,3
4641,M,8,3
4642,M,1,3
4643,M,1,3
4644,M,2,6
4645,F,7,6
4646,F,7,3
4647,M,21,4
4648,M,5,2
4649,M,14,7
4650,M,8,3
4651,F,1,5
4652,F,8,3
4653,M,13,4
4654,M,21,4
4655,F,2,3
4656,M,18,3
4657,M,15,5
4658,M,5,3
4659,F,15,3
4660,F,5,2
4661,M,16,5
4662,F,5,2
4663,M,5,3
4664,F,8,5
4665,M,3,4
4666,M,2,4
4667,M,15,3
4668,M,15,4
4669,M,8,4
4670,M,6,4
4671,M,13,3
4672,M,14,7
4673,M,17,4
4674,F,8,4
4675,F,5,2
4676,M,15,5
4677,M,7,6
4678,M,3,4
4679,M,14,7
4680,M,1,4
4681,F,16,4
4682,M,8,3
4683,M,1,3
4684,F,1,3
4685,M,2,4
4686,M,2,2
4687,M,15,4
4688,M,10,3
4689,M,13,2
4690,F,11,1
4691,F,18,5
4692,F,8,3
4693,M,2,2
4694,M,8,7
4695,M,19,2
4696,M,13,2
4697,M,11,2
4698,F,7,3
4699,F,1,2
4700,F,5,2
4701,M,18,5
4702,M,12,3
4703,M,8,3
4704,M,21,2
4705,F,1,2
4706,M,15,3
4707,M,1,1
4708,M,1,3
4709,M,1,5
4710,F,17,4
4711,M,18,3
4712,M,18,4
4713,M,18,3
4714,M,2,6
4715,M,3,3
4716,F,17,3
4717,M,18,5
4718,M,8,4
4719,F,10,4
4720,M,3,3
4721,M,12,4
4722,M,13,4
4723,M,8,4
4724,F,7,7
4725,M,6,4
4726,F,17,4
4727,F,1,7
4728,M,20,3
4729,M,17,6
4730,M,12,6
4731,M,18,3
4732,M,15,3
4733,M,19,2
4734,M,2,6
4735,M,4,5
4736,M,21,2
4737,M,17,4
4738,M,2,7
4739,M,4,3
4740,F,4,3
4741,M,8,4
4742,M,4,3
4743,M,14,7
4744,M,16,6
4745,F,5,2
4746,M,2,6
4747,M,5,2
4748,M,17,5
4749,M,1,5
4750,F,1,3
4751,M,16,6
4752,F,5,2
4753,M,2,7
4754,F,1,2
4755,F,8,7
4756,M,17,7
4757,M,18,4
4758,F,14,7
4759,F,1,6
4760,M,18,4
4761,M,16,2
4762,F,15,3
4763,M,12,7
4764,M,11,1
4765,F,17,4
4766,M,17,4
4767,F,10,4
4768,M,5,3
4769,M,2,3
4770,F,8,4
4771,F,5,3
4772,M,18,7
4773,M,2,5
4774,M,15,5
4775,M,18,3
4776,F,4,3
4777,M,3,3
4778,M,1,3
4779,M,4,5
4780,M,13,3
4781,F,7,6
4782,M,2,5
4783,M,1,3
4784,F,7,4
4785,F,15,3
4786,M,7,5
4787,M,12,1
4788,M,8,4
4789,M,3,4
4790,F,3,3
4791,M,5,2
4792,F,8,6
4793,F,7,3
4794,F,1,4
4795,M,17,5
4796,M,8,4
4797,F,18,4
4798,M,2,3
4799,F,5,2
4800,M,5,2
4801,M,5,3
4802,M,2,7
4803,F,17,3
4804,F,2,4
4805,M,2,4
4806,M,18,3
4807,M,3,1
4808,M,1,4
4809,F,5,6
4810,M,13,2
4811,M,2,4
4812,M,15,2
4813,F,10,4
4814,M,15,2
4815,F,19,6
4816,F,7,5
4817,M,2,3
4818,F,18,3
4819,M,19,4
4820,M,12,6
4821,M,20,2
4822,F,1,4
4823,M,5,2
4824,M,8,3
4825,M,18,3
4826,M,13,5
4827,M,1,4
4828,F,21,2
4829,M,1,3
4830,M,11,1
4831,F,2,3
4832,M,15,3
4833,M,17,4
4834,F,10,5
4835,M,21,3
4836,F,17,5
4837,M,6,3
4838,M,2,5
4839,F,7,6
4840,F,7,5
4841,M,13,3
4842,F,2,4
4843,M,2,7
4844,M,8,5
4845,F,2,3
4846,F,3,3
4847,M,13,3
4848,F,7,4
4849,F,5,2
4850,F,4,5
4851,M,18,2
4852,M,1,4
4853,M,8,3
4854,F,14,6
4855,M,13,3
4856,M,8,3
4857,M,15,3
4858,M,2,3
4859,F,15,2
4860,M,3,3
4861,M,5,3
4862,M,1,3
4863,F,10,3
4864,M,21,2
4865,F,15,4
4866,M,13,7
4867,M,17,3
4868,M,18,4
4869,F,7,5
4870,F,4,4
4871,M,13,2
4872,M,2,5
4873,M,12,7
4874,F,5,3
4875,M,1,4
4876,F,18,4
4877,M,5,3
4878,M,5,6
4879,M,4,3
4880,F,10,5
4881,M,17,5
4882,M,12,5
4883,F,11,1
4884,M,15,4
4885,M,2,7
4886,F,18,4
4887,M,3,2
4888,F,1,7
4889,M,5,2
4890,F,2,3
4891,M,18,4
4892,M,13,3
4893,M,18,3
4894,M,8,4
4895,F,4,3
4896,M,7,4
4897,M,17,4
4898,M,2,3
4899,M,13,3
4900,M,21,3
4901,M,8,3
4902,M,15,4
4903,M,13,4
4904,M,16,6
4905,F,2,5
4906,M,18,6
4907,F,8,6
4908,M,16,4
4909,F,13,4
4910,M,13,2
4911,F,1,3
4912,F,21,6
4913,F,2,3
4914,F,2,3
4915,M,13,3
4916,M,21,2
4917,M,1,5
4918,F,13,2
4919,M,1,2
4920,M,2,4
4921,F,16,3
4922,M,18,2
4923,M,19,5
4924,F,1,4
4925,F,7,4
4926,M,11,1
4927,M,1,5
4928,F,4,3
4929,M,2,5
4930,M,18,6
4931,M,18,6
4932,M,8,3
4933,M,16,3
4934,F,1,3
4935,M,18,4
4936,F,5,2
4937,M,1,4
4938,F,5,2
4939,M,8,3
4940,F,12,6
4941,M,21,7
4942,M,13,5
4943,F,1,6
4944,M,18,6
4945,M,1,6
4946,F,2,4
4947,M,18,4
4948,M,3,5
4949,M,5,2
4950,M,17,3
4951,F,18,4
4952,F,15,3
4953,M,13,4
4954,M,1,5
4955,M,14,7
4956,M,16,4
4957,M,3,3
4958,M,8,2
4959,M,18,3
4960,M,2,7
4961,M,8,3
4962,M,7,3
4963,M,18,5
4964,M,1,4
4965,M,11,1
4966,M,15,6
4967,M,5,2
4968,F,21,6
4969,M,20,2
4970,F,13,3
4971,M,8,4
4972,M,1,4
4973,F,3,7
4974,M,21,4
4975,M,1,4
4976,M,12,3
4977,M,5,3
4978,M,15,4
4979,M,3,4
4980,M,2,3
4981,M,2,6
4982,M,13,3
4983,F,17,5
4984,M,1,4
4985,M,1,4
4986,M,13,2
4987,F,9,7
4988,M,18,3
4989,M,1,3
4990,F,5,3
4991,F,15,7
4992,F,3,3
4993,M,18,5
4994,M,18,5
4995,M,21,6
4996,M,8,4
4997,M,11,1
4998,F,5,2
4999,F,14,7
5000,M,5,3
5001,F,3,3
5002,M,18,3
5003,M,13,4
5004,F,2,7
5005,M,17,5
5006,M,4,4
5007,F,5,2
5008,M,21,3
5009,F,17,5
5010,M,16,5
5011,M,5,2
5012,M,16,6
5013,M,5,2
5014,M,1,5
5015,M,7,4
5016,F,2,4
5017,M,13,4
5018,F,13,7
5019,M,8,3
5020,F,14,7
5021,M,7,6
5022,M,8,4
5023,M,21,4
5024,F,2,5
5025,M,21,3
5026,M,18,3
5027,F,15,3
5028,M,13,3
5029,M,5,3
5030,M,2,2
5031,F,5,3
5032,M,18,2
5033,F,14,7
5034,F,16,3
5035,F,18,3
5036,M,8,4
5037,M,13,4
5038,M,21,3
5039,F,5,4
5040,M,13,5
5041,F,7,5
5042,F,3,2
5043,F,7,2
5044,F,7,4
5045,M,1,4
5046,M,17,3
5047,M,7,5
5048,F,8,4
5049,M,13,3
5050,F,5,2
5051,F,8,6
5052,M,17,4
5053,M,5,3
5054,M,3,4
5055,F,17,4
5056,M,2,5
5057,M,8,6
5058,M,18,7
5059,M,17,5
5060,M,18,5
5061,F,20,2
5062,M,17,6
5063,F,11,1
5064,M,5,2
5065,M,15,3
5066,F,2,3
5067,M,14,7
5068,M,8,4
5069,F,1,7
5070,M,3,3
5071,F,8,3
5072,M,18,5
5073,M,3,7
5074,M,1,1
5075,M,7,6
5076,M,4,3
5077,M,3,3
5078,M,8,5
5079,M,5,3
5080,F,13,6
5081,F,5,2
5082,M,2,4
5083,M,5,3
5084,M,5,2
5085,M,18,7
5086,M,2,3
5087,F,7,3
5088,M,18,3
5089,F,17,4
5090,F,20,4
5091,M,18,3
5092,M,15,7
5093,M,8,6
5094,M,11,2
5095,F,2,4
5096,M,12,3
5097,M,17,7
5098,M,8,6
5099,M,1,2
5100,M,7,6
5101,M,1,3
5102,M,13,3
5103,F,17,4
5104,M,21,4
5105,M,8,6
5106,F,2,4
5107,F,1,5
5108,F,10,3
5109,F,7,5
5110,M,16,4
5111,M,3,4
5112,M,14,4
5113,M,1,3
5114,F,11,1
5115,M,13,7
5116,M,7,4
5117,F,1,3
5118,M,11,1
5119,F,1,3
5120,M,8,6
5121,M,8,3
5122,M,1,3
5123,M,13,6
5124,M,3,4
5125,M,1,5
5126,M,12,3
5127,M,6,5
5128,M,8,6
5129,M,18,5
5130,F,2,6
5131,F,2,3
5132,M,8,4
5133,M,12,2
5134,M,18,3
5135,M,8,4
5136,M,13,3
5137,M,19,2
5138,M,18,3
5139,M,17,6
5140,M,7,3
5141,M,18,2
5142,M,2,3
5143,M,5,2
5144,F,1,6
5145,M,8,4
5146,M,2,7
5147,M,1,2
5148,M,21,3
5149,M,2,4
5150,M,4,3
5151,M,20,2
5152,F,5,3
5153,M,8,3
5154,M,17,3
5155,M,17,3
5156,M,15,2
5157,M,2,4
5158,F,5,2
5159,M,8,4
5160,F,5,2
5161,M,5,3
5162,M,18,3
5163,M,7,5
5164,F,18,4
5165,M,7,4
5166,M,7,6
5167,M,16,2
5168,M,8,4
5169,F,5,6
5170,M,5,2
5171,M,18,7
5172,F,12,4
5173,M,11,1
5174,M,2,5
5175,F,10,4
5176,M,11,1
5177,M,15,5
5178,M,1,6
5179,M,13,3
5180,M,12,4
5181,M,8,3
5182,F,8,4
5183,F,21,2
5184,M,21,2
5185,F,5,4
5186,M,13,4
5187,M,17,2
5188,F,10,4
5189,F,8,5
5190,F,1,4
5191,F,5,3
5192,M,8,3
5193,M,13,4
5194,M,8,3
5195,M,8,4
5196,M,8,7
5197,F,4,7
5198,F,5,2
5199,F,2,3
5200,F,16,4
5201,M,8,6
5202,M,5,2
5203,F,7,5
5204,M,14,6
5205,M,2,3
5206,M,8,4
5207,M,1,3
5208,M,5,3
5209,M,2,6
5210,F,18,4
5211,M,2,3
5212,M,3,2
5213,M,1,2
5214,F,10,4
5215,F,7,7
5216,M,3,2
5217,M,18,3
5218,M,1,2
5219,M,5,2
5220,M,8,3
5221,F,2,7
5222,M,13,3
5223,M,11,7
5224,M,2,4
5225,M,5,2
5226,M,1,4
5227,M,11,2
5228,M,1,1
5229,M,1,3
5230,M,13,3
5231,M,8,4
5232,M,5,3
5233,M,6,3
5234,F,1,3
5235,M,5,3
5236,M,15,3
5237,M,8,3
5238,F,17,6
5239,M,8,4
5240,F,1,3
5241,F,5,3
5242,M,2,3
5243,M,11,1
5244,M,5,2
5245,F,2,5
5246,F,1,2
5247,F,11,1
5248,F,15,5
5249,F,15,5
5250,M,7,6
5251,F,18,3
5252,M,21,3
5253,F,14,7
5254,M,5,2
5255,M,11,1
5256,M,17,3
5257,F,3,3
5258,M,5,4
5259,M,7,3
5260,M,8,4
5261,M,13,4
5262,F,15,3
5263,M,8,4
5264,M,5,2
5265,M,2,5
5266,M,2,4
5267,M,8,4
5268,F,3,3
5269,M,1,2
5270,M,13,3
5271,F,1,3
5272,M,8,3
5273,M,21,7
5274,M,1,3
5275,M,18,3
5276,F,5,3
5277,M,21,3
5278,F,8,3
5279,F,15,3
5280,M,5,2
5281,M,3,3
5282,F,5,2
5283,M,3,2
5284,M,17,3
5285,M,5,2
5286,M,17,5
5287,M,9,3
5288,M,14,7
5289,M,3,5
5290,F,5,2
5291,M,2,5
5292,M,1,3
5293,M,13,3
5294,M,3,3
5295,M,8,4
5296,F,1,1
5297,M,13,3
5298,M,18,4
5299,M,3,3
5300,M,21,3
5301,M,18,3
5302,F,11,1
5303,F,7,7
5304,F,10,4
5305,F,5,2
5306,F,18,3
5307,M,6,3
5308,M,8,7
5309,M,1,3
5310,F,2,7
5311,M,1,6
5312,M,2,3
5313,M,1,7
5314,F,1,3
5315,M,13,3
5316,M,5,2
5317,F,1,3
5318,M,18,2
5319,M,18,2
5320,F,6,2
5321,M,5,3
5322,M,18,4
5323,M,21,3
5324,M,8,3
5325,F,8,6
5326,M,3,3
5327,M,8,3
5328,F,5,3
5329,F,6,3
5330,F,1,3
5331,M,15,4
5332,M,5,2
5333,F,8,3
5334,F,14,7
5335,M,15,3
5336,M,8,7
5337,F,4,4
5338,M,18,3
5339,M,18,2
5340,F,4,6
5341,F,4,3
5342,F,8,4
5343,F,10,3
5344,F,2,6
5345,F,18,3
5346,F,4,3
5347,M,7,3
5348,M,6,2
5349,F,3,6
5350,M,6,2
5351,F,2,5
5352,F,6,4
5353,M,7,3
5354,F,4,5
5355,M,1,7
5356,M,1,5
5357,F,21,2
5358,M,8,4
5359,M,17,2
5360,M,13,2
5361,F,17,6
5362,M,14,4
5363,M,14,7
5364,F,4,3
5365,M,13,2
5366,M,13,2
5367,M,5,2
5368,F,18,3
5369,M,16,3
5370,M,13,3
5371,M,12,3
5372,M,5,3
5373,M,13,2
5374,M,8,4
5375,M,1,3
5376,M,18,3
5377,F,4,2
5378,M,19,4
5379,M,8,3
5380,M,5,2
5381,M,15,3
5382,M,5,2
5383,M,2,4
5384,F,4,3
5385,M,13,3
5386,M,15,3
5387,F,2,3
5388,F,5,2
5389,M,8,5
5390,M,1,1
5391,M,8,3
5392,M,2,6
5393,M,8,4
5394,M,1,2
5395,M,2,6
5396,M,7,3
5397,M,1,2
5398,M,18,7
5399,M,2,3
5400,F,5,2
5401,F,2,2
5402,F,1,3
5403,M,11,1
5404,M,1,3
5405,F,8,6
5406,F,1,4
5407,F,18,4
5408,M,21,3
5409,M,2,5
5410,F,3,5
5411,F,20,1
5412,M,13,3
5413,M,2,4
5414,M,11,1
5415,F,8,3
5416,F,6,3
5417,M,18,2
5418,F,1,3
5419,F,13,2
5420,F,20,1
5421,M,18,4
5422,M,8,6
5423,F,6,6
5424,F,3,4
5425,M,5,2
5426,M,15,3
5427,M,20,4
5428,F,7,3
5429,F,2,3
5430,F,2,5
5431,M,2,7
5432,M,14,7
5433,F,18,4
5434,F,8,3
5435,M,19,5
5436,M,5,2
5437,M,12,3
5438,M,15,3
5439,M,14,7
5440,F,3,5
5441,M,8,6
5442,M,8,3
5443,M,13,3
5444,F,5,2
5445,M,1,3
5446,F,2,6
5447,M,3,5
5448,M,20,5
5449,M,13,2
5450,M,13,2
5451,F,2,3
5452,M,7,4
5453,M,5,2
5454,M,8,4
5455,F,18,2
5456,M,2,4
5457,M,13,2
5458,F,3,2
5459,F,11,1
5460,M,5,2
5461,M,1,6
5462,M,18,3
5463,M,1,4
5464,M,8,4
5465,F,1,3
5466,M,13,3
5467,M,1,4
5468,M,13,3
5469,M,13,4
5470,M,8,7
5471,M,8,2
5472,M,2,4
5473,M,2,3
5474,M,13,3
5475,M,5,3
5476,F,1,4
5477,M,2,4
5478,M,8,4
5479,M,2,4
5480,F,15,3
5481,M,13,5
5482,M,8,2
5483,F,7,3
5484,M,18,5
5485,M,5,3
5486,M,1,3
5487,M,18,3
5488,M,16,3
5489,M,8,2
5490,M,18,5
5491,M,8,2
5492,M,5,2
5493,M,13,4
5494,F,18,4
5495,F,5,2
5496,M,8,3
5497,M,5,3
5498,F,2,6
5499,F,20,3
5500,F,21,4
5501,M,3,3
5502,M,3,3
5503,F,10,3
5504,M,8,5
5505,F,5,3
5506,F,15,2
5507,M,8,5
5508,M,21,3
5509,M,1,3
5510,M,5,2
5511,M,2,5
5512,F,18,3
5513,M,2,4
5514,F,11,1
5515,M,5,2
5516,F,17,6
5517,M,1,7
5518,M,18,6
5519,M,16,4
5520,M,2,5
5521,F,7,3
5522,M,15,3
5523,M,1,4
5524,F,11,1
5525,F,11,1
5526,F,3,4
5527,M,2,3
5528,M,2,6
5529,M,7,2
5530,F,5,2
5531,M,18,6
5532,M,18,3
5533,F,3,6
5534,M,17,5
5535,M,16,3
5536,M,17,3
5537,F,2,7
5538,M,13,5
5539,F,21,3
5540,M,2,4
5541,M,8,7
5542,M,8,5
5543,M,18,3
5544,M,16,3
5545,F,17,4
5546,M,15,2
5547,F,5,2
5548,F,5,2
5549,F,10,6
5550,M,16,4
5551,F,21,4
5552,M,8,6
5553,M,4,4
5554,M,2,3
5555,M,11,1
5556,M,7,5
5557,M,15,4
5558,M,11,1
5559,M,2,6
5560,F,18,4
5561,F,4,3
5562,F,2,4
5563,F,8,3
5564,M,21,5
5565,M,18,2
5566,M,8,4
5567,M,4,6
5568,M,5,2
5569,F,2,2
5570,M,2,3
5571,F,10,3
5572,F,5,3
5573,F,2,4
5574,M,1,3
5575,M,8,4
5576,M,5,3
5577,M,2,6
5578,F,2,2
5579,F,8,4
5580,M,8,5
5581,M,1,3
5582,M,2,5
5583,M,16,7
5584,F,1,6
5585,M,5,3
5586,M,21,4
5587,M,18,3
5588,F,21,3
5589,F,1,3
5590,F,13,5
5591,M,1,2
5592,M,2,3
5593,M,17,6
5594,F,1,5
5595,M,21,3
5596,M,13,4
5597,F,5,2
5598,M,5,2
5599,M,8,4
5600,F,1,5
5601,M,2,4
5602,M,1,4
5603,M,8,6
5604,M,16,4
5605,F,3,2
5606,F,15,3
5607,M,5,2
5608,M,4,2
5609,F,2,6
5610,F,2,3
5611,F,8,4
5612,F,2,3
5613,F,1,4
5614,M,1,3
5615,M,8,4
5616,M,2,5
5617,M,15,3
5618,F,5,2
5619,F,5,2
5620,M,15,4
5621,M,8,3
5622,M,16,4
5623,M,12,3
5624,M,8,3
5625,M,2,3
5626,M,17,7
5627,M,1,3
5628,M,5,2
5629,M,15,3
5630,M,18,4
5631,M,13,4
5632,F,5,2
5633,M,2,6
5634,M,15,3
5635,F,10,4
5636,M,8,3
5637,M,11,1
5638,M,2,2
5639,F,5,2
5640,M,18,4
5641,F,18,3
5642,M,11,1
5643,F,2,4
5644,F,5,2
5645,M,3,3
5646,M,5,2
5647,M,2,2
5648,M,18,3
5649,F,5,2
5650,F,13,4
5651,F,7,3
5652,M,1,2
5653,M,2,6
5654,M,5,3
5655,F,7,3
5656,M,16,3
5657,M,15,6
5658,M,1,7
5659,M,1,3
5660,M,3,3
5661,F,16,3
5662,M,11,1
5663,F,21,4
5664,M,5,2
5665,M,5,2
5666,M,17,2
5667,M,8,4
5668,F,4,3
5669,M,2,7
5670,M,5,2
5671,M,2,3
5672,F,5,3
5673,F,2,4
5674,M,8,4
5675,M,15,4
5676,M,21,3
5677,M,2,3
5678,M,18,4
5679,M,3,4
5680,M,21,6
5681,F,8,3
5682,M,1,2
5683,F,10,2
5684,M,17,2
5685,M,18,3
5686,M,17,7
5687,F,1,1
5688,F,5,2
5689,M,1,3
5690,M,5,2
5691,M,15,4
5692,F,8,3
5693,F,5,3
5694,F,13,3
5695,F,4,4
5696,F,15,3
5697,M,1,3
5698,M,15,4
5699,M,16,4
5700,F,15,2
5701,M,8,3
5702,M,1,2
5703,M,2,7
5704,F,5,2
5705,F,5,2
5706,M,18,2
5707,M,13,3
5708,M,2,4
5709,M,5,2
5710,M,16,3
5711,M,8,3
5712,M,2,4
5713,F,8,6
5714,M,3,4
5715,M,5,2
5716,M,11,1
5717,M,1,3
5718,F,15,4
5719,M,8,7
5720,M,1,3
5721,M,12,5
5722,M,21,3
5723,M,13,2
5724,M,16,3
5725,M,3,2
5726,M,2,3
5727,M,5,3
5728,F,21,4
5729,M,11,2
5730,M,1,2
5731,F,12,3
5732,F,12,3
5733,M,5,3
5734,F,15,3
5735,M,7,3
5736,M,2,3
5737,M,16,5
5738,M,13,3
5739,M,8,3
5740,M,2,3
5741,M,14,6
5742,F,13,3
5743,F,1,4
5744,F,5,3
5745,F,5,2
5746,M,16,2
5747,M,1,3
5748,M,1,3
5749,M,3,3
5750,M,2,2
5751,F,1,1
5752,F,1,7
5753,M,18,2
5754,F,2,2
5755,F,3,4
5756,F,11,1
5757,M,11,1
5758,F,2,6
5759,F,2,3
5760,M,13,2
5761,M,21,3
5762,F,7,4
5763,F,2,3
5764,F,13,6
5765,M,12,3
5766,M,15,7
5767,M,3,3
5768,F,8,1
5769,M,15,5
5770,M,1,3
5771,M,8,3
5772,M,8,4
5773,M,7,3
5774,M,5,2
5775,M,12,3
5776,M,13,2
5777,M,1,1
5778,M,13,4
5779,M,6,3
5780,M,18,2
5781,M,3,3
5782,F,1,4
5783,F,2,5
5784,M,11,2
5785,F,8,3
5786,M,7,3
5787,M,21,3
5788,M,1,3
5789,M,18,3
5790,F,1,4
5791,M,5,2
5792,M,18,3
5793,M,3,3
5794,M,18,4
5795,M,2,3
5796,F,8,3
5797,M,8,3
5798,M,1,4
5799,M,6,3
5800,M,19,4
5801,M,17,3
5802,F,1,3
5803,M,11,1
5804,F,8,4
5805,F,1,3
5806,F,2,6
5807,M,8,4
5808,F,8,3
5809,M,8,3
5810,M,17,6
5811,M,5,2
5812,F,8,3
5813,M,8,3
5814,M,1,3
5815,M,21,3
5816,M,1,3
5817,M,18,3
5818,M,5,3
5819,M,7,6
5820,M,1,5
5821,M,16,3
5822,F,5,4
5823,M,13,3
5824,M,13,2
5825,F,5,3
5826,M,5,2
5827,M,3,3
5828,M,18,3
5829,F,5,3
5830,F,5,2
5831,M,2,3
5832,F,1,3
5833,F,1,4
5834,M,17,7
5835,F,1,4
5836,M,1,3
5837,M,8,3
5838,F,8,5
5839,M,2,3
5840,F,1,1
5841,F,8,4
5842,M,5,3
5843,M,2,4
5844,F,11,1
5845,F,4,3
5846,M,17,5
5847,F,5,2
5848,M,21,6
5849,M,18,4
5850,F,8,3
5851,F,21,2
5852,F,2,3
5853,M,20,6
5854,M,8,5
5855,M,8,6
5856,F,8,3
5857,F,3,5
5858,M,5,3
5859,M,8,3
5860,F,5,3
5861,F,2,6
5862,F,10,3
5863,F,15,3
5864,F,2,6
5865,M,18,3
5866,F,7,3
5867,F,4,5
5868,M,15,4
5869,F,8,3
5870,M,15,3
5871,F,5,3
5872,M,18,3
5873,M,13,2
5874,M,5,3
5875,M,5,3
5876,M,8,6
5877,M,13,2
5878,F,1,3
5879,M,8,4
5880,M,2,3
5881,M,18,4
5882,M,8,4
5883,F,1,2
5884,M,5,2
5885,M,2,3
5886,M,21,3
5887,F,21,4
5888,M,21,3
5889,M,21,6
5890,M,21,4
5891,M,5,2
5892,M,3,5
5893,M,8,3
5894,M,1,4
5895,M,2,3
5896,M,1,3
5897,M,21,3
5898,F,1,2
5899,M,18,4
5900,M,8,3
5901,F,8,4
5902,M,17,6
5903,M,12,3
5904,F,13,5
5905,F,21,4
5906,F,5,2
5907,M,3,3
5908,M,5,3
5909,M,21,2
5910,F,21,5
5911,F,18,3
5912,M,2,3
5913,F,1,2
5914,M,3,4
5915,M,5,2
5916,M,21,6
5917,F,2,6
5918,M,13,3
5919,M,1,2
5920,F,2,3
5921,M,7,3
5922,M,4,7
5923,M,8,3
5924,M,1,4
5925,F,1,3
5926,F,8,6
5927,M,15,4
5928,M,2,5
5929,F,1,4
5930,F,18,4
5931,F,8,2
5932,M,15,2
5933,M,3,3
5934,M,15,3
5935,M,1,2
5936,M,5,2
5937,M,13,3
5938,M,2,3
5939,F,16,5
5940,M,13,6
5941,F,1,3
5942,M,2,5
5943,F,2,5
5944,F,11,2
5945,F,3,4
5946,F,2,7
5947,F,17,5
5948,M,14,7
5949,M,18,2
5950,M,5,3
5951,M,5,2
5952,F,2,5
5953,M,11,1
5954,M,12,5
5955,F,8,3
5956,F,5,2
5957,M,21,2
5958,M,15,5
5959,F,5,2
5960,F,1,5
5961,F,1,5
5962,M,8,4
5963,M,16,3
5964,M,6,2
5965,M,18,3
5966,F,10,4
5967,M,17,6
5968,M,8,7
5969,M,14,5
5970,M,12,4
5971,M,8,4
5972,F,21,3
5973,M,11,1
5974,F,2,3
5975,M,15,3
5976,F,2,3
5977,M,2,4
5978,M,2,4
5979,M,2,3
5980,M,2,7
5981,M,8,4
5982,M,2,4
5983,M,4,3
5984,M,2,3
5985,F,5,2
5986,F,2,7
5987,M,17,3
5988,M,16,3
5989,F,11,1
5990,F,21,3
5991,F,21,4
5992,F,5,2
5993,F,21,6
5994,M,2,4
5995,F,2,4
5996,F,1,3
5997,F,8,3
5998,M,5,2
5999,F,2,3
6000,M,18,5
6001,F,8,3
6002,M,1,6
6003,F,18,5
6004,F,16,3
6005,F,6,3
6006,F,1,1
6007,M,18,4
6008,M,5,2
6009,F,13,3
6010,M,1,4
6011,M,16,4
6012,M,16,4
6013,F,21,3
6014,M,2,5
6015,F,10,3
6016,M,2,5
6017,F,8,4
6018,M,2,4
6019,M,1,3
6020,M,17,6
6021,M,13,3
6022,M,18,3
6023,M,1,3
6024,M,13,3
6025,F,2,3
6026,M,7,4
6027,M,5,2
6028,M,5,2
6029,F,2,3
6030,M,18,3
6031,F,1,2
6032,M,8,5
6033,M,14,6
6034,M,15,3
6035,F,2,3
6036,F,16,3
6037,F,2,5
6038,F,2,7
6039,F,1,5
6040,M,7,3
